project_id,avg_dev_experience,pm_experience,budget_estimation,project_complexity,scope_clarity,urgency_level,org_structure_type,client_priority,team_sdlc_knowledge,user_involvement,tool_familiarity,tech_stack_familiarity,testing_strategy,on_schedule,communication_quality,risk_management_score,control_mechanism,legacy_system_involved,success_probability
P2684,4.2,5.3,46250.18,High,Vague,High,Projectized,Time,Medium,Low,Medium,Low,Automated,YES,Average,Low,Moderate,TRUE,0.0
P3833,4.2,6.4,41068.42,High,Medium,Low,Matrix,Quality,Low,High,Medium,Low,Manual,NO,Good,Low,Weak,TRUE,0.07
P5516,6.0,5.5,11344.54,Low,Clear,Low,Functional,Quality,Low,Low,High,Medium,Automated,YES,Poor,High,Moderate,FALSE,0.26
P9302,3.7,3.5,45993.33,Medium,Clear,Medium,Projectized,Time,Medium,High,High,Low,Manual,YES,Poor,Medium,Moderate,TRUE,0.0
P5506,6.1,8.0,47472.9,Low,Clear,Low,Matrix,Quality,Low,Medium,High,Medium,Automated,YES,Poor,High,Strong,TRUE,0.33
P1063,4.8,8.8,49251.88,Medium,Clear,High,Functional,Cost,Low,High,High,Low,Manual,YES,Poor,Medium,Weak,FALSE,0.05
P8661,7.6,4.5,17923.91,Medium,Vague,Low,Projectized,Quality,Medium,Low,High,Low,Automated,NO,Poor,Medium,Moderate,FALSE,0.0
P2676,10.8,7.2,23980.25,Low,Clear,Medium,Matrix,Quality,Medium,Low,High,High,Manual,NO,Average,Low,Weak,TRUE,0.21
P9223,4.5,5.4,44024.64,Medium,Medium,Low,Matrix,Time,Medium,Medium,Medium,Low,Automated,NO,Average,High,Moderate,FALSE,0.02
P6670,11.3,6.4,38313.4,Medium,Medium,Low,Matrix,Cost,Medium,High,Medium,Low,Manual,YES,Good,Medium,Strong,FALSE,0.18
P2335,4.3,7.2,28332.03,Low,Vague,High,Matrix,Quality,Medium,Low,Medium,High,Mixed,YES,Average,Medium,Strong,FALSE,0.01
P5418,5.9,6.1,26470.62,Low,Vague,Low,Projectized,Cost,Medium,High,Low,Medium,Mixed,YES,Good,Medium,Strong,FALSE,0.37
P4649,7.2,11.1,12490.92,Low,Vague,Medium,Matrix,Cost,High,Medium,Medium,High,Manual,NO,Poor,Medium,Strong,FALSE,0.28
P2564,6.1,5.7,41451.13,Medium,Clear,Low,Functional,Cost,High,Low,Low,High,Manual,NO,Average,Low,Moderate,FALSE,0.04
P9449,4.7,5.4,16588.25,Low,Clear,High,Matrix,Time,High,Medium,Low,High,Automated,NO,Poor,Low,Weak,FALSE,0.19
P9807,4.5,4.1,45113.2,Low,Clear,Low,Functional,Time,Medium,High,Low,High,Mixed,YES,Good,Medium,Weak,FALSE,0.28
P8806,5.4,3.9,49399.59,High,Vague,High,Matrix,Cost,Low,Low,Medium,High,Manual,NO,Good,High,Weak,TRUE,0.0
P6951,4.5,7.2,29912.5,Low,Medium,High,Matrix,Quality,High,Low,Low,Low,Manual,NO,Poor,High,Weak,TRUE,0.14
P3384,6.6,5.5,42884.13,Low,Medium,Low,Functional,Quality,High,High,High,High,Manual,YES,Poor,Medium,Moderate,FALSE,0.25
P7345,4.9,3.3,41714.18,High,Medium,High,Projectized,Time,Low,Medium,Low,Medium,Automated,YES,Average,Medium,Weak,TRUE,0.0
P5898,9.7,9.2,41916.57,High,Medium,Low,Matrix,Cost,Medium,High,Medium,Medium,Manual,YES,Average,Medium,Weak,TRUE,0.08
P2288,5.6,4.6,37835.96,Medium,Medium,High,Matrix,Cost,High,High,Medium,High,Mixed,NO,Average,High,Weak,FALSE,0.08
P5820,4.7,9.1,44287.17,Medium,Vague,Low,Projectized,Cost,Medium,High,High,High,Mixed,YES,Poor,Medium,Weak,FALSE,0.0
P5167,7.0,5.9,45759.59,Medium,Vague,High,Matrix,Quality,High,Low,Medium,High,Automated,NO,Poor,High,Weak,FALSE,0.0
P7178,4.1,7.8,27612.94,Medium,Clear,Low,Projectized,Time,Low,Medium,Medium,Medium,Mixed,NO,Poor,High,Weak,TRUE,0.04
P4264,6.4,7.4,30208.27,High,Vague,High,Functional,Quality,High,Medium,Low,Low,Automated,NO,Poor,Medium,Weak,FALSE,0.0
P7375,5.8,7.9,49364.41,High,Clear,High,Functional,Quality,Low,Medium,Low,Medium,Manual,NO,Good,Low,Moderate,FALSE,0.08
P1001,8.9,4.6,10504.3,High,Medium,High,Matrix,Quality,Low,Medium,Medium,Low,Automated,YES,Average,Medium,Weak,FALSE,0.0
P2839,8.4,12.2,38774.14,Medium,Clear,Low,Projectized,Time,Low,Low,High,Medium,Manual,YES,Good,Medium,Moderate,FALSE,0.1
P5906,7.2,7.5,31631.75,Low,Vague,Medium,Functional,Time,High,High,Medium,Low,Mixed,NO,Good,Medium,Strong,FALSE,0.34
P4391,4.0,9.3,28846.72,Medium,Vague,High,Matrix,Time,Low,High,High,Medium,Manual,NO,Poor,High,Strong,TRUE,0.11
P7873,8.6,6.8,43129.97,Low,Vague,High,Functional,Cost,High,High,Medium,Low,Mixed,YES,Poor,High,Weak,TRUE,0.13
P1232,4.0,6.0,38480.56,Low,Clear,Medium,Projectized,Cost,Low,Medium,High,Medium,Automated,YES,Average,Medium,Moderate,FALSE,0.11
P5824,5.2,5.7,39953.05,High,Vague,Medium,Functional,Time,High,Low,Medium,Low,Manual,YES,Poor,High,Moderate,FALSE,0.0
P1154,8.4,10.0,24095.0,Medium,Clear,High,Matrix,Cost,Medium,High,Medium,High,Manual,NO,Average,High,Weak,TRUE,0.21
P4289,8.5,7.1,15050.59,High,Clear,Medium,Matrix,Time,Low,Medium,Medium,High,Automated,YES,Good,High,Moderate,FALSE,0.19
P1588,3.6,9.4,37453.09,Low,Vague,High,Projectized,Quality,Low,Low,Medium,Low,Mixed,NO,Good,Low,Strong,FALSE,0.11
P4016,7.0,6.0,35715.28,Low,Vague,Medium,Projectized,Time,Medium,High,High,High,Automated,NO,Average,Medium,Moderate,TRUE,0.17
P8248,6.3,10.9,22212.43,Medium,Clear,Low,Matrix,Quality,Low,High,High,Medium,Manual,NO,Good,Medium,Moderate,FALSE,0.26
P2294,3.4,8.4,36599.4,High,Vague,Low,Matrix,Time,Low,Low,High,Medium,Manual,YES,Average,Low,Weak,TRUE,0.0
P2328,6.8,6.5,36829.29,High,Vague,Medium,Functional,Time,High,Low,Low,Medium,Automated,YES,Average,Low,Moderate,TRUE,0.0
P3290,6.3,3.6,44582.54,Low,Clear,High,Projectized,Time,Low,Medium,High,High,Mixed,YES,Poor,Low,Strong,TRUE,0.04
P7804,1.7,8.7,49072.01,Medium,Medium,Medium,Functional,Cost,Low,Low,High,Medium,Mixed,YES,Poor,High,Moderate,TRUE,0.0
P9852,4.1,6.6,44333.67,Low,Vague,Medium,Matrix,Time,Medium,Medium,Medium,High,Manual,YES,Good,High,Weak,TRUE,0.16
P3162,7.0,6.5,40158.48,High,Medium,Low,Matrix,Cost,Medium,High,Low,Low,Mixed,NO,Average,Low,Weak,TRUE,0.03
P5794,4.9,8.3,14503.22,Low,Medium,Medium,Matrix,Cost,Medium,High,Low,Medium,Mixed,YES,Good,Medium,Weak,FALSE,0.18
P7441,6.7,10.7,13861.38,High,Clear,Low,Matrix,Cost,High,Low,Medium,High,Manual,NO,Poor,Low,Strong,FALSE,0.08
P6214,5.4,3.8,21996.76,Low,Vague,Low,Projectized,Time,Medium,Low,High,Medium,Mixed,NO,Average,Medium,Moderate,FALSE,0.05
P5484,7.9,10.4,45692.1,High,Clear,High,Matrix,Quality,High,High,Medium,Low,Manual,NO,Good,High,Weak,FALSE,0.35
P6102,4.7,7.2,49817.5,Medium,Clear,Low,Functional,Cost,High,Low,High,Medium,Mixed,NO,Average,High,Strong,FALSE,0.2
P8387,6.1,9.3,12545.64,Low,Vague,Medium,Projectized,Cost,Low,High,High,High,Manual,NO,Average,High,Strong,TRUE,0.35
P3783,8.3,7.5,43171.47,Low,Vague,Low,Projectized,Cost,Medium,Medium,Medium,High,Automated,YES,Average,Low,Weak,FALSE,0.11
P2689,6.4,9.0,30697.85,High,Vague,Medium,Projectized,Time,High,Low,Low,Medium,Manual,NO,Good,Medium,Weak,TRUE,0.0
P1438,4.6,9.9,34076.94,High,Medium,Low,Matrix,Quality,Medium,Medium,High,Low,Mixed,YES,Poor,High,Moderate,FALSE,0.0
P7571,5.7,8.9,34283.58,Low,Medium,Medium,Matrix,Time,Medium,Medium,High,High,Manual,NO,Average,Low,Weak,TRUE,0.1
P1577,9.5,5.0,30494.55,Medium,Vague,Low,Projectized,Time,High,High,Low,Medium,Manual,YES,Average,High,Weak,TRUE,0.16
P1195,5.5,5.3,29506.68,Medium,Clear,Low,Matrix,Cost,High,Medium,Low,Medium,Mixed,YES,Average,Low,Weak,TRUE,0.02
P4125,6.3,10.0,30250.64,Medium,Vague,High,Functional,Time,Low,Low,Medium,Low,Mixed,YES,Poor,High,Strong,TRUE,0.07
P9176,4.8,7.4,20175.66,Medium,Medium,High,Functional,Quality,Low,Low,High,Medium,Manual,YES,Poor,Low,Strong,TRUE,0.0
P9743,1.6,6.6,17843.91,Low,Medium,High,Functional,Cost,High,Low,High,Low,Manual,NO,Average,Low,Weak,TRUE,0.0
P3920,3.0,8.5,18279.7,Medium,Clear,High,Functional,Time,High,Medium,Low,High,Automated,YES,Good,Medium,Weak,TRUE,0.0
P5151,6.0,9.2,32881.95,Medium,Medium,Medium,Matrix,Time,Low,Medium,High,Medium,Manual,YES,Poor,Low,Weak,FALSE,0.0
P7242,2.2,7.2,47270.15,Low,Clear,Low,Matrix,Cost,High,Low,Low,High,Manual,YES,Poor,Medium,Moderate,TRUE,0.1
P3943,5.6,5.2,23808.93,Low,Medium,High,Matrix,Quality,Medium,High,High,Medium,Manual,NO,Poor,High,Weak,TRUE,0.18
P2191,8.2,7.0,29741.86,Medium,Medium,Medium,Projectized,Cost,High,Medium,High,High,Automated,NO,Good,Low,Moderate,TRUE,0.0
P7450,4.7,4.2,26440.84,High,Medium,High,Projectized,Time,Medium,Low,Low,High,Automated,NO,Poor,Low,Moderate,TRUE,0.0
P7854,6.5,8.0,34316.21,Medium,Medium,Low,Projectized,Quality,Medium,Low,High,High,Manual,YES,Good,Low,Weak,TRUE,0.0
P6978,4.9,7.3,37463.6,High,Clear,Medium,Functional,Time,Low,Low,Low,High,Mixed,YES,Good,Low,Moderate,FALSE,0.02
P9631,5.5,5.2,28249.46,Medium,Clear,Low,Functional,Time,High,High,Medium,Medium,Automated,NO,Average,Low,Moderate,FALSE,0.09
P6942,5.4,10.0,12840.31,Low,Vague,Medium,Matrix,Quality,Low,Low,Low,High,Mixed,YES,Poor,Low,Strong,FALSE,0.13
P8235,5.6,5.7,47669.03,High,Medium,Low,Projectized,Cost,High,Low,Low,Medium,Automated,NO,Average,High,Strong,FALSE,0.15
P8829,8.3,9.4,10405.25,High,Vague,Medium,Matrix,Quality,Medium,Medium,High,Low,Automated,YES,Good,Medium,Strong,FALSE,0.0
P7681,7.4,7.5,34502.94,Medium,Medium,High,Matrix,Quality,Low,Low,Medium,Medium,Mixed,YES,Average,Low,Weak,TRUE,0.0
P3677,7.3,7.1,15685.48,Medium,Clear,High,Matrix,Cost,High,Medium,Low,Medium,Manual,YES,Poor,Low,Weak,FALSE,0.0
P4297,5.9,6.6,21801.63,High,Vague,Low,Projectized,Time,Medium,High,High,Medium,Manual,YES,Good,Low,Strong,TRUE,0.23
P9021,5.0,3.1,39166.94,Low,Medium,High,Functional,Cost,High,Medium,Low,High,Mixed,YES,Average,High,Strong,TRUE,0.18
P6843,7.9,7.9,37699.71,Medium,Clear,Low,Functional,Time,Medium,High,Low,Low,Mixed,YES,Average,Medium,Weak,FALSE,0.25
P3174,4.5,5.1,41559.41,High,Clear,Low,Projectized,Cost,High,Low,High,Low,Manual,YES,Average,Medium,Moderate,FALSE,0.0
P9240,8.8,6.5,42896.89,Medium,Clear,High,Functional,Time,Medium,Low,High,Medium,Manual,NO,Good,High,Moderate,FALSE,0.05
P3710,4.6,3.3,34042.97,Medium,Medium,High,Matrix,Cost,Medium,Low,High,High,Automated,NO,Average,High,Weak,FALSE,0.0
P9787,8.1,9.3,24982.12,Low,Medium,Low,Matrix,Time,High,High,Low,High,Mixed,NO,Good,Medium,Weak,FALSE,0.26
P2318,3.6,5.1,11017.91,High,Clear,Medium,Projectized,Quality,High,Medium,Low,Medium,Automated,YES,Poor,Medium,Weak,FALSE,0.0
P6798,8.6,9.8,23624.17,Low,Clear,Medium,Projectized,Cost,Medium,Low,High,Medium,Mixed,YES,Good,Medium,Moderate,FALSE,0.26
P2163,4.6,9.2,34231.17,High,Vague,High,Matrix,Cost,High,Low,High,Medium,Manual,NO,Poor,Medium,Strong,FALSE,0.0
P1845,3.5,5.8,49521.44,Medium,Vague,Medium,Matrix,Cost,Medium,High,Medium,High,Manual,NO,Average,High,Weak,TRUE,0.14
P1393,5.1,6.9,11101.47,High,Clear,Low,Matrix,Cost,Low,Medium,High,Low,Automated,YES,Average,High,Strong,FALSE,0.13
P8885,7.1,7.0,25368.27,Low,Vague,High,Projectized,Time,Medium,High,Medium,Low,Manual,YES,Good,Low,Weak,FALSE,0.12
P9300,5.3,3.4,46003.33,Low,Medium,Low,Projectized,Quality,Medium,Low,High,Medium,Automated,YES,Average,Low,Weak,TRUE,0.0
P8625,7.4,6.3,34117.72,Medium,Clear,High,Matrix,Cost,High,High,High,Low,Manual,NO,Good,High,Moderate,TRUE,0.16
P4619,3.0,8.1,16165.8,Medium,Vague,Medium,Functional,Time,High,High,High,Medium,Manual,NO,Average,Medium,Moderate,FALSE,0.0
P8246,9.5,11.5,40476.07,Medium,Vague,Low,Matrix,Cost,Low,High,Low,Low,Automated,YES,Poor,Low,Weak,TRUE,0.05
P2737,8.5,4.9,17784.95,High,Vague,Low,Functional,Cost,High,Medium,Medium,High,Automated,NO,Good,Low,Moderate,TRUE,0.0
P3585,5.7,6.1,20809.91,Medium,Medium,Low,Projectized,Cost,Medium,Medium,Low,High,Mixed,NO,Good,High,Weak,FALSE,0.03
P2807,7.0,8.9,15567.87,High,Vague,Medium,Matrix,Time,Low,Medium,Low,Low,Automated,YES,Average,Low,Strong,FALSE,0.0
P8125,10.1,5.2,29555.91,Medium,Clear,Medium,Matrix,Quality,High,High,High,Medium,Mixed,YES,Good,Medium,Weak,TRUE,0.21
P7452,7.8,10.9,18052.48,Low,Medium,Medium,Functional,Quality,Low,Medium,Low,High,Mixed,NO,Average,High,Strong,TRUE,0.31
P8969,5.1,6.8,29021.84,High,Vague,High,Projectized,Cost,Low,Medium,Low,Medium,Manual,YES,Average,High,Weak,TRUE,0.0
P5444,6.5,7.5,44798.77,High,Clear,High,Matrix,Quality,High,Low,Medium,High,Manual,NO,Average,Low,Strong,TRUE,0.16
P6189,6.6,6.2,14992.83,High,Clear,Low,Matrix,Time,Low,High,Low,Medium,Mixed,YES,Good,High,Moderate,TRUE,0.2
P5195,7.7,6.8,49239.5,Medium,Vague,Low,Functional,Time,Low,Low,Low,Medium,Manual,YES,Average,Medium,Strong,TRUE,0.0
P1056,8.3,6.9,33549.26,High,Clear,Low,Functional,Time,High,Low,High,Low,Manual,YES,Average,Low,Weak,FALSE,0.0
P1260,4.3,8.3,25461.62,Low,Clear,Medium,Matrix,Quality,Low,Medium,High,Medium,Automated,YES,Average,High,Strong,TRUE,0.28
P3180,1.7,13.3,33091.16,High,Medium,Medium,Functional,Cost,High,High,Medium,High,Manual,YES,Average,Medium,Strong,FALSE,0.2
P9675,5.3,7.8,48241.89,High,Vague,High,Functional,Time,Medium,Medium,Low,Medium,Automated,NO,Average,Low,Weak,FALSE,0.0
P1386,5.6,6.7,44158.48,High,Medium,Low,Functional,Time,High,High,Medium,High,Automated,NO,Average,Medium,Moderate,TRUE,0.06
P5127,5.6,6.7,30417.3,High,Medium,High,Matrix,Time,High,Low,High,Low,Mixed,YES,Poor,Low,Strong,FALSE,0.01
P2726,7.3,7.4,10764.64,Low,Medium,Medium,Functional,Time,Medium,High,Low,High,Mixed,NO,Average,Medium,Weak,TRUE,0.24
P5328,5.5,8.9,15377.41,Medium,Medium,Low,Functional,Cost,Medium,Low,Low,High,Mixed,YES,Average,Low,Weak,TRUE,0.0
P6673,4.1,4.2,42177.49,Medium,Vague,Medium,Functional,Cost,Low,Low,Low,High,Mixed,YES,Poor,Low,Weak,FALSE,0.0
P3120,4.6,5.9,10572.61,Low,Clear,Medium,Projectized,Cost,High,Medium,Medium,Medium,Mixed,NO,Average,Low,Moderate,TRUE,0.19
P9043,7.5,8.0,39619.05,Medium,Medium,Medium,Functional,Cost,Low,High,Medium,Low,Automated,YES,Poor,Medium,Strong,TRUE,0.11
P9838,4.8,8.4,40644.64,High,Medium,High,Functional,Cost,Medium,High,Low,Medium,Manual,NO,Good,High,Moderate,FALSE,0.17
P8026,6.7,9.1,13544.19,Medium,Vague,Medium,Projectized,Quality,Low,Medium,High,Low,Automated,YES,Good,High,Weak,TRUE,0.0
P5382,6.0,3.7,12640.39,Low,Medium,Low,Functional,Cost,Medium,Medium,Low,Medium,Automated,NO,Average,Medium,Moderate,FALSE,0.0
P1505,4.4,6.4,42329.41,Medium,Clear,Medium,Matrix,Quality,High,Medium,Low,Medium,Manual,YES,Poor,High,Moderate,TRUE,0.1
P8566,7.2,6.1,30024.97,High,Vague,High,Functional,Cost,High,Medium,Low,High,Automated,YES,Good,Medium,Strong,FALSE,0.0
P7175,7.3,8.9,12009.04,Low,Medium,Medium,Projectized,Time,Low,Medium,Medium,Medium,Manual,NO,Average,Low,Strong,TRUE,0.12
P5067,4.6,5.0,21240.18,Medium,Medium,High,Matrix,Quality,High,Medium,Medium,Medium,Mixed,NO,Good,High,Weak,FALSE,0.0
P9800,7.7,6.6,22859.83,Medium,Medium,Medium,Matrix,Cost,High,Low,High,High,Manual,YES,Average,Low,Strong,FALSE,0.0
P9051,5.7,7.2,34139.72,High,Vague,High,Functional,Quality,Medium,Low,High,Low,Automated,YES,Good,Medium,Weak,TRUE,0.0
P9620,8.7,4.4,14916.83,High,Vague,High,Functional,Cost,High,High,High,Medium,Mixed,NO,Poor,Low,Moderate,TRUE,0.0
P2288,8.0,11.4,34991.35,Medium,Clear,Low,Projectized,Cost,Low,High,Medium,High,Mixed,NO,Average,Low,Moderate,FALSE,0.13
P6836,6.4,6.0,19677.27,Low,Vague,High,Functional,Quality,High,High,High,Low,Manual,NO,Poor,Low,Moderate,TRUE,0.16
P5971,7.1,7.5,30806.8,Low,Vague,Low,Projectized,Quality,Medium,Low,High,Medium,Manual,YES,Average,Medium,Moderate,FALSE,0.13
P3210,6.8,6.0,20856.38,Medium,Clear,Medium,Projectized,Time,Low,Medium,Low,High,Automated,NO,Good,Medium,Weak,TRUE,0.0
P5812,5.9,7.7,12173.28,Low,Vague,Low,Matrix,Cost,High,Medium,Medium,Medium,Manual,NO,Average,High,Weak,FALSE,0.14
P4337,4.4,9.2,10005.39,Low,Vague,Medium,Projectized,Quality,High,Medium,Medium,Low,Automated,YES,Good,High,Moderate,TRUE,0.16
P5863,6.0,8.9,12507.58,Medium,Medium,Medium,Matrix,Cost,Medium,Medium,Medium,High,Mixed,NO,Good,Medium,Strong,TRUE,0.0
P3999,7.7,5.3,22650.81,Medium,Clear,Medium,Projectized,Quality,Low,Low,Low,Medium,Manual,YES,Good,Medium,Weak,TRUE,0.02
P3927,4.4,8.5,22533.92,High,Vague,Low,Projectized,Time,Medium,High,Medium,Medium,Automated,NO,Good,High,Moderate,FALSE,0.12
P3339,6.5,7.4,27352.7,Medium,Vague,Medium,Matrix,Quality,Low,Medium,High,Low,Automated,YES,Average,Low,Strong,FALSE,0.0
P8995,7.5,6.9,25505.95,Low,Vague,High,Matrix,Cost,High,High,High,Medium,Manual,YES,Good,Low,Moderate,TRUE,0.27
P4937,8.8,8.9,10174.53,Medium,Clear,Medium,Projectized,Quality,High,Medium,High,Low,Manual,YES,Good,Medium,Moderate,FALSE,0.16
P9162,4.4,7.4,40441.51,High,Clear,Low,Projectized,Quality,Medium,High,Medium,Medium,Automated,NO,Poor,Low,Moderate,TRUE,0.09
P8972,6.2,7.4,21922.09,Medium,Clear,Medium,Functional,Quality,High,High,Low,Low,Mixed,YES,Average,High,Moderate,TRUE,0.25
P4786,5.4,6.1,24402.02,Medium,Medium,High,Projectized,Time,High,Medium,High,Medium,Automated,NO,Poor,Medium,Weak,TRUE,0.0
P4804,6.0,8.2,27309.17,High,Medium,Medium,Functional,Cost,Low,Medium,Low,High,Manual,YES,Poor,High,Strong,FALSE,0.02
P9630,5.6,4.2,12094.2,High,Clear,Medium,Matrix,Quality,High,Medium,High,Medium,Mixed,NO,Good,High,Weak,FALSE,0.09
P3631,5.1,9.9,42887.2,Low,Medium,Medium,Matrix,Cost,High,Medium,Medium,High,Mixed,NO,Good,Medium,Strong,FALSE,0.2
P2338,7.0,6.3,45206.27,Medium,Clear,Medium,Functional,Quality,Low,High,High,High,Mixed,YES,Average,High,Moderate,FALSE,0.34
P9150,7.3,4.9,34310.08,High,Clear,High,Matrix,Time,Medium,High,Low,High,Mixed,YES,Poor,Low,Moderate,FALSE,0.04
P4975,5.2,9.5,22625.09,Medium,Vague,High,Matrix,Cost,High,High,High,High,Automated,YES,Average,Low,Weak,TRUE,0.03
P2596,3.6,10.3,38528.28,Low,Clear,Low,Matrix,Quality,Medium,Medium,Medium,Medium,Manual,NO,Poor,Low,Strong,FALSE,0.27
P2068,5.7,5.2,12323.68,Medium,Vague,High,Functional,Time,High,Low,Low,Medium,Mixed,NO,Poor,Medium,Weak,FALSE,0.0
P1888,6.1,5.0,20703.71,Low,Vague,Medium,Functional,Cost,Low,Low,Medium,Medium,Automated,NO,Good,Low,Moderate,TRUE,0.0
P2478,3.7,6.6,26171.59,Medium,Vague,High,Matrix,Cost,Medium,High,Medium,Low,Mixed,NO,Average,Medium,Strong,TRUE,0.0
P3849,10.8,8.6,10396.95,Medium,Clear,Medium,Matrix,Cost,Low,Low,Low,High,Manual,YES,Average,Low,Weak,TRUE,0.08
P4089,5.9,11.0,22474.55,High,Vague,Medium,Projectized,Quality,High,Medium,High,Medium,Mixed,YES,Poor,Medium,Strong,TRUE,0.03
P2869,7.4,8.4,30851.84,High,Medium,High,Projectized,Cost,Low,Low,Medium,Medium,Automated,NO,Poor,Medium,Moderate,TRUE,0.0
P4689,6.4,9.0,30718.42,Low,Vague,Low,Functional,Quality,Medium,High,Low,High,Mixed,YES,Good,Low,Strong,FALSE,0.27
P4007,3.5,4.1,10054.15,Medium,Clear,High,Matrix,Quality,Medium,Medium,Medium,High,Automated,NO,Good,Low,Moderate,FALSE,0.02
P3771,3.3,8.3,28319.83,Medium,Medium,High,Projectized,Quality,Low,Medium,High,Low,Automated,YES,Poor,Low,Weak,TRUE,0.0
P8293,2.8,5.3,12627.79,Medium,Medium,Low,Matrix,Quality,Low,Medium,Medium,Medium,Manual,YES,Poor,High,Moderate,FALSE,0.0
P1816,4.4,10.3,28952.39,Medium,Clear,Low,Matrix,Quality,High,Medium,High,Medium,Manual,NO,Average,High,Strong,FALSE,0.24
P7566,6.0,7.5,48510.73,Medium,Medium,Medium,Projectized,Time,Medium,High,High,High,Mixed,YES,Average,High,Moderate,FALSE,0.1
P8922,4.7,5.7,15632.12,Low,Clear,Medium,Matrix,Cost,High,High,Medium,Medium,Automated,YES,Average,Low,Strong,TRUE,0.3
P8721,8.6,8.1,33131.94,Low,Medium,Low,Functional,Time,Low,High,Medium,Medium,Manual,NO,Good,High,Moderate,FALSE,0.35
P4393,5.3,4.4,36965.21,Medium,Medium,Medium,Functional,Quality,Medium,High,Medium,Medium,Mixed,YES,Poor,Low,Moderate,FALSE,0.06
P7911,4.4,4.5,46699.43,Low,Medium,Low,Matrix,Cost,High,Low,High,Low,Automated,YES,Average,Medium,Weak,FALSE,0.03
P6478,2.3,7.7,12488.13,Low,Clear,Low,Functional,Cost,High,Medium,High,Low,Automated,NO,Poor,Medium,Strong,TRUE,0.25
P6464,4.3,11.2,15370.99,Low,Medium,Medium,Functional,Quality,High,Low,High,Low,Mixed,YES,Average,Medium,Moderate,TRUE,0.08
P8698,7.2,7.0,37184.81,High,Clear,Medium,Projectized,Cost,Medium,High,Low,Low,Mixed,YES,Good,Low,Strong,TRUE,0.15
P9121,5.6,6.3,42278.62,Medium,Medium,Medium,Matrix,Quality,Low,High,Medium,High,Automated,NO,Good,Medium,Weak,TRUE,0.12
P8586,2.2,5.9,16629.99,Medium,Vague,Medium,Projectized,Time,High,Low,Low,High,Manual,YES,Poor,Low,Strong,TRUE,0.0
P6903,3.2,6.5,11999.16,Medium,Clear,Medium,Functional,Cost,Low,Medium,Low,Low,Manual,YES,Poor,High,Strong,FALSE,0.19
P6589,6.7,7.1,20381.67,Low,Medium,Medium,Matrix,Time,High,Medium,Low,Medium,Automated,YES,Poor,Medium,Weak,FALSE,0.1
P7139,10.0,4.3,12923.26,Low,Clear,High,Matrix,Time,Low,High,Medium,Low,Mixed,YES,Poor,High,Strong,TRUE,0.41
P2893,6.1,8.1,46315.95,Medium,Vague,High,Functional,Cost,High,Low,Medium,Low,Mixed,YES,Good,Medium,Moderate,TRUE,0.0
P1473,6.9,7.0,40292.41,Low,Medium,Medium,Projectized,Time,High,Medium,High,Low,Manual,YES,Good,Medium,Weak,TRUE,0.09
P9245,3.5,5.1,35624.61,Medium,Vague,Low,Matrix,Quality,Medium,Medium,High,Medium,Mixed,NO,Average,Medium,Moderate,FALSE,0.0
P8256,4.1,7.9,32603.41,High,Medium,High,Matrix,Time,Medium,Low,High,High,Mixed,YES,Poor,Medium,Weak,FALSE,0.0
P6627,9.1,8.2,19147.07,Low,Clear,High,Matrix,Quality,High,Low,High,High,Manual,YES,Average,High,Strong,FALSE,0.37
P8799,3.5,8.2,22866.8,Medium,Medium,Medium,Functional,Quality,Medium,Low,Medium,Low,Automated,YES,Good,High,Strong,FALSE,0.13
P7967,7.4,6.7,11166.79,High,Clear,Low,Functional,Cost,Medium,High,Medium,Low,Automated,NO,Average,Medium,Strong,TRUE,0.15
P2143,10.2,6.5,14740.1,Low,Clear,Medium,Functional,Quality,High,High,High,High,Manual,YES,Good,High,Moderate,TRUE,0.42
P4842,2.9,4.3,40170.6,Low,Medium,High,Projectized,Quality,Medium,High,High,High,Mixed,NO,Good,Low,Strong,FALSE,0.1
P1819,2.3,9.0,41501.96,Low,Medium,Medium,Functional,Cost,High,High,High,Medium,Mixed,YES,Average,High,Weak,TRUE,0.26
P1775,2.8,9.8,19615.96,High,Clear,High,Functional,Cost,Low,Medium,High,Medium,Mixed,NO,Average,Low,Strong,TRUE,0.0
P1186,6.0,5.1,18834.11,High,Medium,Medium,Projectized,Cost,Low,Low,Low,Low,Mixed,NO,Good,Low,Moderate,FALSE,0.0
P5151,5.6,3.9,33203.55,Low,Clear,High,Projectized,Cost,High,Medium,High,Medium,Mixed,YES,Poor,High,Weak,FALSE,0.32
P8562,9.2,7.2,21299.84,Low,Clear,Medium,Projectized,Time,Medium,Medium,High,Low,Mixed,YES,Poor,Low,Strong,TRUE,0.29
P7306,5.4,9.8,29053.43,High,Medium,Low,Matrix,Time,Low,Low,High,Medium,Automated,YES,Good,Medium,Strong,TRUE,0.0
P8737,3.1,7.0,33645.21,Medium,Vague,Medium,Matrix,Time,High,Medium,High,Low,Mixed,YES,Average,High,Weak,TRUE,0.0
P5563,3.9,6.3,12846.33,High,Clear,Low,Functional,Quality,Medium,Medium,High,High,Automated,YES,Average,Medium,Weak,FALSE,0.01
P9917,0.8,7.4,42435.14,Medium,Clear,High,Functional,Cost,Medium,High,High,Low,Automated,NO,Good,High,Strong,TRUE,0.21
P4749,7.9,9.1,36186.03,High,Vague,Medium,Functional,Time,Low,Low,High,Medium,Automated,YES,Good,Low,Strong,FALSE,0.1
P5750,2.4,7.6,27009.13,Low,Medium,High,Matrix,Quality,Low,High,Low,High,Automated,NO,Average,Low,Moderate,TRUE,0.09
P9307,0.9,5.5,22157.7,High,Clear,Medium,Matrix,Quality,Low,High,High,Low,Mixed,YES,Average,High,Moderate,FALSE,0.11
P6251,7.4,4.7,39675.85,High,Vague,High,Functional,Quality,High,High,High,Medium,Mixed,YES,Poor,High,Moderate,TRUE,0.05
P4206,8.3,4.9,38504.85,High,Clear,High,Functional,Quality,Medium,Medium,Low,High,Mixed,YES,Poor,Medium,Strong,TRUE,0.0
P7924,5.1,7.9,24837.64,Low,Medium,Medium,Projectized,Quality,Medium,High,Low,Medium,Manual,YES,Average,Medium,Weak,TRUE,0.2
P4545,2.6,5.8,31779.88,Low,Clear,Low,Matrix,Cost,Medium,Low,Medium,Low,Automated,YES,Average,Medium,Strong,TRUE,0.19
P3903,4.3,8.0,41225.27,Medium,Medium,Medium,Projectized,Time,Low,Low,High,Medium,Automated,YES,Good,Low,Strong,TRUE,0.01
P9090,6.2,3.8,38576.97,Low,Medium,Low,Projectized,Cost,Low,Low,High,Medium,Mixed,YES,Average,Medium,Weak,TRUE,0.03
P2815,5.2,7.5,30554.18,Medium,Medium,Medium,Projectized,Cost,Low,Low,Low,Medium,Mixed,YES,Poor,High,Moderate,FALSE,0.0
P1254,6.3,9.2,28468.65,Medium,Clear,Low,Matrix,Quality,Medium,Medium,Low,High,Mixed,YES,Average,Low,Moderate,FALSE,0.09
P5244,6.5,8.0,39159.24,Low,Medium,High,Functional,Cost,Low,Medium,Medium,High,Manual,YES,Poor,Low,Strong,TRUE,0.05
P2002,7.4,5.9,23813.68,High,Medium,Medium,Functional,Cost,High,Low,High,High,Mixed,NO,Good,High,Moderate,FALSE,0.1
P7022,6.9,8.6,39082.27,Medium,Vague,Medium,Functional,Cost,Low,Medium,High,High,Manual,NO,Average,Medium,Moderate,TRUE,0.0
P6266,6.2,2.2,16521.41,Low,Clear,Medium,Projectized,Quality,Low,Medium,High,Medium,Mixed,NO,Good,High,Weak,FALSE,0.26
P9426,7.4,8.7,25374.2,High,Clear,High,Matrix,Time,Low,Low,Low,Low,Automated,NO,Good,Low,Moderate,FALSE,0.05
P5802,6.9,8.5,42685.13,Low,Medium,High,Functional,Time,Low,High,Low,Low,Manual,NO,Average,High,Strong,TRUE,0.24
P5829,7.0,7.1,12066.75,Medium,Clear,Low,Projectized,Cost,Medium,Medium,Medium,High,Manual,YES,Good,High,Moderate,FALSE,0.26
P8150,6.1,6.5,42000.14,Medium,Vague,Medium,Matrix,Time,Medium,High,Low,Medium,Manual,YES,Average,Medium,Moderate,TRUE,0.0
P8322,1.7,9.2,15268.6,High,Medium,Medium,Matrix,Quality,Medium,Medium,High,High,Automated,NO,Poor,High,Moderate,TRUE,0.0
P8203,4.0,7.8,41867.26,Medium,Medium,Low,Matrix,Cost,High,Medium,Low,Low,Automated,YES,Poor,Medium,Strong,FALSE,0.04
P2070,7.4,4.3,32869.84,High,Medium,Medium,Matrix,Quality,High,High,High,High,Manual,YES,Poor,High,Weak,TRUE,0.1
P9624,4.7,5.0,24118.34,Low,Medium,High,Functional,Quality,High,Low,High,Low,Automated,NO,Good,Medium,Moderate,FALSE,0.0
P3152,3.0,9.2,39307.96,Medium,Clear,High,Matrix,Time,High,Medium,High,Low,Manual,YES,Poor,Low,Weak,FALSE,0.0
P3176,5.7,5.6,27310.68,High,Clear,Medium,Projectized,Cost,High,Medium,Medium,High,Mixed,YES,Good,Low,Strong,TRUE,0.17
P8194,3.8,9.5,12263.43,Low,Vague,Medium,Functional,Time,High,Low,Low,Low,Mixed,NO,Average,High,Weak,FALSE,0.21
P1625,5.7,9.8,35291.29,Medium,Medium,Low,Projectized,Time,Low,Medium,Low,High,Manual,NO,Average,Medium,Weak,FALSE,0.0
P7952,5.3,4.3,40037.59,Low,Medium,Medium,Projectized,Time,Low,High,Medium,High,Manual,NO,Average,Low,Moderate,TRUE,0.08
P2063,4.9,6.0,49214.75,High,Clear,Medium,Functional,Cost,Medium,Medium,High,Low,Manual,YES,Average,Low,Moderate,TRUE,0.0
P9982,6.1,5.5,17174.59,Medium,Vague,High,Matrix,Quality,High,Low,Medium,Low,Manual,YES,Good,Medium,Moderate,FALSE,0.0
P3048,4.8,5.7,23860.97,Medium,Medium,Medium,Projectized,Cost,High,Low,Medium,High,Automated,YES,Poor,High,Weak,TRUE,0.06
P7989,3.0,5.7,18213.32,High,Medium,Medium,Projectized,Cost,High,Medium,High,Low,Mixed,YES,Average,Low,Strong,TRUE,0.0
P4336,5.7,8.9,48741.49,Medium,Medium,Medium,Matrix,Cost,High,Medium,High,High,Manual,NO,Poor,Medium,Weak,FALSE,0.0
P8611,4.6,7.4,13023.34,Medium,Medium,Low,Projectized,Time,High,High,Medium,Medium,Mixed,YES,Average,Medium,Weak,TRUE,0.0
P6528,6.4,7.4,34945.95,High,Vague,Low,Projectized,Quality,Medium,Low,Low,Medium,Mixed,YES,Average,Low,Strong,TRUE,0.0
P4249,3.4,8.7,10604.43,Low,Clear,Low,Projectized,Quality,Low,Low,High,High,Automated,NO,Poor,High,Weak,FALSE,0.32
P1770,8.0,3.9,20843.85,Low,Clear,Low,Matrix,Cost,Low,High,High,High,Manual,NO,Poor,High,Strong,TRUE,0.47
P7011,8.0,7.5,47869.35,Medium,Medium,High,Matrix,Time,High,High,Medium,High,Mixed,YES,Good,Low,Weak,FALSE,0.05
P5287,6.6,10.3,37204.48,Medium,Vague,Medium,Functional,Time,Medium,High,Low,High,Automated,NO,Average,Low,Weak,TRUE,0.06
P5283,5.5,6.9,33317.04,High,Clear,Medium,Functional,Time,Medium,Low,High,Low,Manual,NO,Good,High,Weak,TRUE,0.11
P1767,2.8,6.8,43592.06,High,Clear,Low,Matrix,Time,Medium,Low,Medium,Medium,Manual,YES,Average,High,Strong,FALSE,0.19
P7670,7.1,5.0,49080.28,Medium,Vague,Medium,Matrix,Cost,High,Low,Medium,Low,Manual,NO,Good,Medium,Moderate,FALSE,0.0
P6981,5.7,7.6,27360.84,High,Vague,High,Functional,Cost,Medium,High,Low,High,Mixed,NO,Good,Low,Moderate,FALSE,0.02
P8951,5.1,3.8,38937.91,High,Vague,Medium,Matrix,Time,High,Medium,Low,Low,Mixed,YES,Good,Low,Strong,FALSE,0.01
P2122,5.8,10.1,19680.88,Low,Vague,Medium,Projectized,Cost,Medium,Low,High,Low,Mixed,NO,Poor,Medium,Strong,TRUE,0.19
P5341,5.0,7.5,17970.81,High,Clear,High,Functional,Quality,Low,Low,Low,Medium,Automated,YES,Average,Low,Weak,FALSE,0.0
P7420,7.1,5.6,19902.39,High,Medium,Low,Projectized,Time,Medium,Medium,High,Medium,Manual,NO,Average,Low,Moderate,TRUE,0.0
P5885,5.9,5.6,39309.34,High,Vague,Medium,Functional,Quality,Low,Medium,High,Low,Mixed,YES,Poor,High,Weak,FALSE,0.07
P7964,8.0,7.8,42919.35,High,Clear,High,Matrix,Cost,Medium,Medium,Low,Medium,Automated,NO,Average,Medium,Strong,TRUE,0.08
P1277,6.2,8.5,18011.28,High,Vague,High,Matrix,Cost,High,Low,Low,Medium,Automated,YES,Poor,High,Strong,FALSE,0.16
P7422,7.4,7.3,12738.35,Medium,Clear,Low,Matrix,Quality,High,High,High,Medium,Automated,YES,Poor,Low,Moderate,FALSE,0.26
P8795,7.4,6.6,33377.96,Low,Vague,Medium,Projectized,Time,Medium,Low,Medium,Low,Manual,YES,Average,High,Weak,FALSE,0.07
P1808,6.6,8.6,36658.52,High,Vague,High,Matrix,Cost,High,Low,Low,High,Manual,NO,Poor,Low,Strong,FALSE,0.0
P4652,5.5,9.9,35209.89,Low,Medium,Medium,Matrix,Quality,Medium,High,Medium,Medium,Automated,NO,Good,Low,Strong,FALSE,0.35
P4078,4.0,3.8,35972.89,Medium,Vague,Medium,Matrix,Time,Medium,High,High,High,Mixed,YES,Average,High,Strong,FALSE,0.04
P7103,4.9,8.7,27756.78,Low,Clear,Medium,Matrix,Quality,High,Medium,High,Medium,Manual,NO,Good,Medium,Weak,FALSE,0.21
P8179,6.0,8.6,14215.73,Medium,Vague,Low,Projectized,Quality,High,Low,Medium,Medium,Automated,YES,Poor,Low,Moderate,FALSE,0.0
P6671,5.0,9.9,36206.95,High,Clear,High,Projectized,Time,High,Low,High,High,Automated,NO,Poor,Low,Weak,TRUE,0.0
P5631,5.0,8.1,45267.62,Low,Medium,Low,Matrix,Cost,High,Medium,Medium,High,Mixed,YES,Poor,Low,Moderate,FALSE,0.03
P2824,7.1,8.9,14417.27,High,Vague,Low,Projectized,Cost,Low,Low,Medium,Medium,Manual,NO,Good,Low,Strong,FALSE,0.0
P9327,3.8,7.2,31422.15,Medium,Medium,High,Functional,Quality,High,Low,High,High,Automated,YES,Average,Medium,Strong,FALSE,0.0
P8950,3.3,4.4,43142.22,High,Vague,Medium,Matrix,Cost,Low,High,Low,High,Automated,YES,Good,Low,Moderate,FALSE,0.0
P2600,8.0,4.7,30225.37,High,Clear,Medium,Matrix,Time,High,Low,High,High,Manual,YES,Average,Medium,Strong,FALSE,0.06
P8724,5.5,5.3,32134.85,High,Clear,Low,Projectized,Quality,Low,Medium,Medium,Medium,Mixed,NO,Poor,Low,Moderate,TRUE,0.0
P7305,6.0,7.8,43516.33,High,Vague,Low,Projectized,Cost,Low,Low,Low,Medium,Manual,YES,Average,High,Strong,TRUE,0.1
P2369,6.8,8.2,27568.42,Low,Medium,Low,Projectized,Time,Low,Medium,High,Low,Mixed,NO,Poor,High,Weak,TRUE,0.08
P4198,6.7,5.0,37757.98,High,Clear,Medium,Projectized,Time,High,High,Medium,Medium,Mixed,YES,Poor,Low,Weak,FALSE,0.17
P6779,5.2,6.4,16611.38,Low,Medium,High,Projectized,Quality,High,High,Low,Low,Mixed,YES,Poor,Low,Strong,FALSE,0.22
P5020,9.5,6.4,24170.85,Low,Vague,High,Functional,Quality,Medium,Low,Medium,High,Manual,YES,Average,Low,Strong,TRUE,0.11
P3846,5.6,6.4,30768.98,Low,Vague,Low,Functional,Quality,Low,Medium,High,Low,Manual,YES,Average,Medium,Strong,FALSE,0.05
P1164,7.2,6.7,19368.13,Medium,Vague,High,Matrix,Quality,Low,Medium,Medium,Medium,Automated,NO,Poor,Medium,Weak,TRUE,0.0
P3995,8.0,11.2,26631.0,Low,Vague,Medium,Matrix,Time,Medium,High,Medium,High,Manual,NO,Poor,Low,Weak,TRUE,0.26
P9943,1.3,9.2,16867.76,High,Vague,Medium,Projectized,Cost,Low,Low,Low,Medium,Mixed,YES,Poor,Medium,Moderate,TRUE,0.0
P3562,0.7,7.0,44821.08,Medium,Vague,Medium,Projectized,Time,Low,High,High,Low,Mixed,NO,Good,Low,Moderate,FALSE,0.02
P4868,10.4,7.5,14688.16,Medium,Clear,Low,Projectized,Quality,Medium,Medium,Medium,Low,Mixed,YES,Poor,Medium,Strong,TRUE,0.07
P8433,4.2,6.2,37682.95,High,Medium,High,Functional,Quality,Low,Low,Low,High,Automated,NO,Good,Medium,Moderate,TRUE,0.0
P9923,3.4,6.7,30312.2,Medium,Medium,Medium,Projectized,Quality,Low,High,High,Medium,Automated,NO,Average,Low,Moderate,FALSE,0.0
P6808,5.4,6.9,41710.32,Low,Clear,Medium,Projectized,Quality,Low,Low,High,High,Mixed,NO,Poor,Medium,Strong,FALSE,0.24
P8792,4.5,11.1,37545.27,High,Clear,High,Matrix,Cost,Medium,High,Low,Low,Manual,NO,Good,Low,Moderate,FALSE,0.2
P9166,6.6,10.5,43444.71,High,Medium,Low,Functional,Quality,Medium,Medium,Low,Medium,Manual,NO,Poor,High,Weak,TRUE,0.03
P1985,6.7,2.8,41662.33,High,Medium,High,Matrix,Cost,Medium,Low,High,Low,Manual,NO,Poor,Low,Strong,TRUE,0.0
P1561,3.4,6.6,44198.96,Low,Medium,High,Matrix,Quality,Low,Low,Medium,Low,Mixed,YES,Poor,Low,Moderate,FALSE,0.0
P5940,8.0,6.6,42141.51,Low,Clear,Low,Projectized,Time,Medium,Medium,Low,Low,Manual,NO,Average,High,Strong,FALSE,0.33
P9363,5.9,7.1,12678.94,Medium,Medium,Low,Projectized,Cost,Low,High,Low,Medium,Mixed,YES,Good,High,Weak,FALSE,0.14
P1124,7.9,8.0,12662.59,High,Vague,Medium,Projectized,Time,Medium,Medium,Medium,Medium,Automated,NO,Good,Medium,Moderate,TRUE,0.0
P4454,4.8,7.4,25018.76,Low,Clear,Low,Matrix,Time,High,Low,Low,High,Manual,NO,Average,Low,Moderate,TRUE,0.15
P5161,8.7,4.8,24020.82,Low,Medium,Medium,Projectized,Time,High,Low,Medium,High,Mixed,NO,Poor,Low,Moderate,TRUE,0.02
P9148,4.8,6.6,24782.97,High,Clear,Medium,Projectized,Time,Medium,High,Medium,Medium,Manual,YES,Poor,Medium,Weak,TRUE,0.17
P6168,5.4,9.6,10334.55,Low,Vague,Low,Functional,Quality,High,High,High,Medium,Automated,YES,Average,High,Moderate,TRUE,0.33
P7758,7.3,4.7,29359.57,Medium,Clear,Low,Functional,Cost,High,Medium,Medium,Low,Automated,NO,Average,Medium,Strong,TRUE,0.1
P3016,9.0,9.8,40069.88,High,Clear,Low,Projectized,Time,High,Low,Low,High,Mixed,YES,Average,High,Moderate,FALSE,0.23
P4661,6.2,9.8,15612.98,High,Vague,High,Functional,Quality,Low,Medium,Low,High,Manual,YES,Poor,Medium,Moderate,FALSE,0.0
P7592,9.1,5.6,17799.01,Low,Medium,High,Matrix,Quality,High,Medium,Medium,High,Automated,YES,Average,Medium,Moderate,TRUE,0.05
P7251,6.6,7.9,46329.14,Low,Vague,High,Projectized,Cost,High,High,Low,High,Manual,YES,Good,Low,Weak,TRUE,0.2
P3415,8.9,8.6,33152.27,Low,Medium,Low,Functional,Time,Medium,Medium,Low,Low,Automated,NO,Good,High,Strong,FALSE,0.33
P9039,3.9,7.8,28956.85,High,Vague,Low,Matrix,Quality,Medium,Medium,Medium,High,Manual,YES,Good,Low,Moderate,FALSE,0.0
P5375,7.9,5.7,19660.03,Medium,Vague,High,Matrix,Time,High,High,Low,Medium,Mixed,YES,Good,High,Moderate,TRUE,0.07
P2852,5.3,4.2,46313.54,Low,Medium,Low,Functional,Time,High,High,High,High,Mixed,NO,Good,Medium,Weak,FALSE,0.13
P2363,6.1,7.4,25311.95,Low,Vague,High,Matrix,Cost,High,Medium,Low,Medium,Mixed,YES,Average,Medium,Moderate,TRUE,0.0
P5788,7.0,9.1,41849.66,Low,Vague,Low,Matrix,Time,Medium,Medium,Medium,High,Automated,NO,Average,Medium,Moderate,FALSE,0.13
P4421,3.8,7.2,35454.97,Low,Vague,High,Projectized,Quality,Low,Medium,Low,High,Automated,YES,Average,Medium,Moderate,TRUE,0.0
P8310,3.6,5.2,17637.06,Medium,Vague,High,Projectized,Cost,High,Medium,Medium,High,Mixed,NO,Average,Medium,Moderate,TRUE,0.0
P9042,7.4,3.9,36478.76,High,Clear,Medium,Matrix,Cost,Low,Medium,Medium,Medium,Mixed,NO,Poor,Low,Weak,FALSE,0.03
P3754,7.1,8.3,40434.05,High,Medium,Medium,Functional,Time,High,High,High,High,Manual,YES,Poor,Low,Strong,TRUE,0.07
P8269,8.9,6.1,20383.06,Medium,Vague,Low,Projectized,Time,Medium,High,Low,Low,Automated,NO,Good,Low,Weak,FALSE,0.07
P4942,6.7,3.9,11559.17,Medium,Medium,High,Matrix,Quality,Low,Low,High,Medium,Mixed,NO,Average,High,Strong,TRUE,0.0
P4672,8.3,8.3,49846.31,High,Vague,High,Functional,Cost,Medium,Medium,Low,High,Automated,YES,Average,Low,Weak,FALSE,0.0
P6300,6.7,7.6,19960.35,Medium,Vague,Low,Matrix,Quality,Medium,High,High,Medium,Mixed,NO,Average,Medium,Weak,FALSE,0.0
P7704,6.3,9.3,42266.6,High,Clear,Medium,Functional,Cost,Low,High,Medium,High,Automated,YES,Average,Low,Weak,FALSE,0.12
P6385,4.0,6.5,10897.04,High,Medium,High,Functional,Time,High,Medium,Low,High,Automated,NO,Poor,Low,Weak,FALSE,0.0
P4166,4.8,3.4,36173.68,Medium,Medium,High,Matrix,Quality,Low,High,Medium,Medium,Automated,YES,Average,High,Moderate,FALSE,0.05
P5618,7.2,9.7,40492.1,High,Clear,High,Matrix,Time,High,Low,Low,Medium,Automated,NO,Good,Medium,Strong,FALSE,0.22
P8706,10.0,8.9,33477.46,Medium,Clear,Low,Projectized,Cost,Low,Medium,Low,Medium,Manual,NO,Average,Low,Moderate,FALSE,0.1
P2857,6.3,7.0,40269.21,High,Vague,Medium,Matrix,Time,High,Low,Low,High,Automated,NO,Good,High,Strong,TRUE,0.21
P6468,5.0,4.3,33874.08,Low,Medium,High,Matrix,Quality,Low,Low,High,High,Mixed,NO,Poor,High,Moderate,TRUE,0.02
P8757,6.7,2.8,18465.44,High,Medium,Low,Projectized,Cost,Medium,Medium,High,High,Manual,NO,Poor,Low,Strong,TRUE,0.0
P1251,7.1,8.4,12133.92,Medium,Clear,High,Functional,Quality,Medium,Low,High,High,Automated,NO,Good,Medium,Weak,FALSE,0.12
P8395,9.9,6.0,37101.26,High,Clear,High,Projectized,Cost,Medium,Low,High,High,Automated,YES,Average,High,Moderate,FALSE,0.14
P1846,5.7,7.0,37635.36,Medium,Clear,High,Projectized,Quality,Medium,Low,Medium,Low,Automated,YES,Poor,Medium,Weak,TRUE,0.0
P8226,8.0,9.7,21011.53,Low,Medium,Medium,Matrix,Cost,Low,Medium,High,High,Automated,YES,Poor,High,Moderate,TRUE,0.19
P8495,4.0,4.6,38205.57,Low,Vague,Medium,Functional,Cost,Medium,High,Medium,Medium,Manual,YES,Average,Medium,Moderate,FALSE,0.13
P8888,10.0,5.9,43494.68,High,Clear,Medium,Projectized,Cost,Low,Medium,Medium,Medium,Manual,NO,Average,Medium,Weak,TRUE,0.05
P6975,8.7,8.7,42112.44,Medium,Clear,High,Functional,Time,Low,Low,Low,Low,Mixed,YES,Poor,High,Strong,FALSE,0.23
P3726,6.1,8.1,29539.83,High,Medium,High,Functional,Time,Low,Medium,Low,Low,Manual,YES,Average,Low,Moderate,TRUE,0.0
P2438,5.4,3.7,46852.3,Low,Clear,High,Matrix,Time,Low,Medium,Low,High,Mixed,NO,Good,Low,Strong,FALSE,0.24
P3641,9.5,10.1,24196.99,High,Medium,Medium,Functional,Cost,Low,High,Medium,Medium,Manual,NO,Poor,Medium,Moderate,TRUE,0.01
P1227,5.7,8.9,45316.59,Medium,Medium,Medium,Functional,Quality,Low,High,Medium,High,Manual,YES,Average,High,Strong,FALSE,0.22
P8882,3.7,8.2,44519.87,High,Vague,Low,Functional,Cost,Low,High,High,Low,Mixed,NO,Average,Low,Moderate,TRUE,0.0
P8231,6.4,5.2,42105.61,High,Clear,Low,Matrix,Time,Medium,High,High,Low,Automated,NO,Good,Low,Moderate,TRUE,0.18
P7261,6.5,8.6,48935.3,Medium,Clear,Medium,Matrix,Time,High,Low,Medium,Medium,Mixed,YES,Good,Low,Strong,FALSE,0.25
P6996,5.8,6.6,12680.66,Medium,Vague,Low,Projectized,Cost,Medium,Low,Low,High,Mixed,YES,Average,High,Moderate,TRUE,0.0
P9640,5.6,5.5,12841.4,High,Medium,Medium,Functional,Quality,Low,Medium,Low,Medium,Manual,YES,Poor,Medium,Moderate,FALSE,0.0
P6667,4.6,3.5,14039.12,High,Vague,High,Projectized,Quality,High,Low,Low,Low,Mixed,YES,Poor,Low,Moderate,TRUE,0.0
P3040,5.5,6.5,48923.07,Medium,Clear,Medium,Projectized,Cost,High,Medium,Medium,Medium,Manual,NO,Poor,High,Moderate,FALSE,0.05
P7140,5.1,5.8,21975.33,Medium,Vague,Low,Matrix,Cost,Low,Medium,High,Medium,Manual,YES,Good,High,Moderate,TRUE,0.04
P3621,5.0,6.3,20258.52,Low,Vague,Medium,Functional,Time,High,High,High,Low,Mixed,NO,Good,High,Weak,FALSE,0.38
P8016,3.7,6.2,23705.81,Medium,Clear,High,Projectized,Time,Medium,High,High,Low,Automated,YES,Good,Medium,Moderate,FALSE,0.12
P9365,5.9,5.3,22096.78,High,Vague,High,Functional,Cost,Low,Medium,High,High,Automated,YES,Average,High,Strong,TRUE,0.06
P1260,6.6,7.5,30220.35,High,Medium,Medium,Matrix,Time,Low,Low,Low,Low,Mixed,NO,Average,Low,Strong,TRUE,0.0
P3962,6.7,5.0,20945.62,Medium,Medium,Medium,Functional,Time,Medium,High,Medium,Medium,Manual,YES,Good,High,Strong,TRUE,0.14
P6952,6.0,3.2,42895.25,Low,Vague,High,Functional,Quality,High,Low,Low,Medium,Mixed,NO,Good,Medium,Weak,TRUE,0.0
P7371,5.8,5.7,28337.26,Low,Medium,Medium,Matrix,Quality,Low,High,Medium,Low,Mixed,NO,Good,Medium,Moderate,TRUE,0.18
P5608,9.3,9.3,44488.12,High,Vague,Low,Projectized,Time,Low,High,Medium,Low,Automated,NO,Good,High,Strong,FALSE,0.32
P4704,6.8,3.1,43604.32,Medium,Medium,Low,Projectized,Quality,Low,Medium,Low,High,Automated,NO,Average,Medium,Weak,FALSE,0.0
P1419,5.0,10.4,29702.76,Medium,Medium,Low,Functional,Cost,Medium,High,High,Low,Mixed,NO,Average,High,Strong,FALSE,0.21
P7707,8.5,6.9,24456.15,Medium,Clear,Low,Matrix,Cost,High,High,High,Low,Manual,YES,Poor,Medium,Weak,FALSE,0.17
P4353,8.1,5.9,40497.88,High,Clear,Low,Functional,Quality,Low,Medium,Medium,Medium,Automated,YES,Average,Low,Moderate,FALSE,0.0
P6973,5.5,6.4,48057.79,Medium,Clear,High,Matrix,Quality,High,Low,High,High,Manual,NO,Good,High,Strong,FALSE,0.23
P8874,3.5,6.3,35789.81,Medium,Medium,High,Projectized,Quality,High,Medium,Medium,Medium,Manual,NO,Good,Medium,Strong,TRUE,0.08
P7198,6.6,4.0,24886.93,Low,Clear,High,Projectized,Time,Medium,Low,Low,Medium,Manual,YES,Good,Medium,Strong,FALSE,0.18
P6870,6.8,4.4,21145.72,Low,Medium,High,Projectized,Quality,High,Low,Low,High,Manual,YES,Poor,Low,Moderate,FALSE,0.04
P7104,4.8,5.9,43028.44,High,Clear,High,Matrix,Time,Medium,Medium,Low,High,Manual,YES,Average,Medium,Weak,FALSE,0.0
P8257,5.6,7.1,15720.04,High,Clear,Low,Functional,Time,High,Medium,Medium,Medium,Mixed,YES,Good,Low,Strong,TRUE,0.16
P5872,8.4,6.0,24695.63,Low,Vague,High,Projectized,Time,High,Medium,Medium,Medium,Manual,YES,Good,High,Weak,FALSE,0.2
P1919,4.3,7.8,17004.93,High,Vague,Medium,Functional,Quality,Medium,High,High,Low,Manual,NO,Good,High,Weak,TRUE,0.13
P9377,3.8,8.4,18728.3,Medium,Vague,Medium,Projectized,Quality,Medium,High,Low,Low,Manual,YES,Good,High,Moderate,FALSE,0.12
P3935,7.1,7.6,35093.16,Low,Clear,High,Projectized,Cost,Low,High,High,Low,Automated,NO,Good,Low,Strong,FALSE,0.4
P9491,4.7,7.9,28332.94,Medium,Clear,High,Projectized,Quality,Medium,High,Medium,High,Manual,YES,Good,Medium,Weak,TRUE,0.06
P8629,5.5,8.7,11602.36,Medium,Clear,Medium,Matrix,Time,Medium,High,Medium,Low,Automated,YES,Average,Medium,Strong,TRUE,0.19
P4812,4.1,5.7,19525.87,Medium,Vague,Low,Projectized,Cost,Medium,High,Medium,High,Manual,NO,Poor,Low,Weak,FALSE,0.0
P8247,7.8,10.2,16179.69,Medium,Clear,High,Matrix,Quality,Medium,Medium,Medium,High,Manual,NO,Poor,Low,Weak,FALSE,0.02
P9346,0.5,6.0,33876.43,High,Medium,Medium,Functional,Cost,High,Low,Medium,High,Automated,YES,Poor,High,Weak,TRUE,0.0
P3821,5.3,5.8,30423.23,Medium,Vague,Medium,Functional,Quality,Medium,Medium,High,High,Manual,NO,Poor,Low,Weak,FALSE,0.0
P2461,7.5,7.4,30394.16,High,Clear,Medium,Matrix,Cost,Medium,High,Medium,High,Manual,YES,Poor,Low,Strong,FALSE,0.2
P4798,6.0,7.1,27527.14,High,Medium,Low,Projectized,Quality,Low,High,High,Low,Manual,YES,Good,High,Moderate,FALSE,0.13
P2811,5.4,7.6,10998.87,Low,Medium,Medium,Matrix,Quality,Medium,Medium,Low,Low,Manual,NO,Good,Medium,Strong,FALSE,0.09
P9329,5.4,7.5,21241.99,High,Medium,Low,Matrix,Cost,Low,High,Low,High,Automated,NO,Average,High,Strong,TRUE,0.11
P9552,5.2,4.7,42057.83,Medium,Medium,Low,Matrix,Quality,High,Medium,High,Low,Automated,NO,Poor,Low,Moderate,TRUE,0.0
P4206,4.8,7.7,19477.33,Medium,Vague,High,Projectized,Time,Medium,Medium,High,Medium,Manual,NO,Good,High,Weak,FALSE,0.0
P5791,7.4,10.7,47165.79,Low,Medium,Medium,Matrix,Cost,High,Medium,Low,High,Manual,YES,Good,Medium,Moderate,FALSE,0.14
P1663,5.7,10.1,19377.02,Medium,Vague,Medium,Projectized,Quality,Medium,High,Low,Low,Mixed,YES,Average,Medium,Moderate,TRUE,0.01
P1701,5.6,6.9,48459.69,Low,Medium,Low,Matrix,Cost,Medium,Medium,High,Medium,Automated,NO,Good,Low,Strong,TRUE,0.16
P3620,6.4,8.4,37140.0,Medium,Vague,High,Matrix,Time,High,Low,Low,Low,Automated,NO,Good,Medium,Weak,FALSE,0.0
P4900,7.7,6.1,47886.46,Medium,Vague,Medium,Functional,Time,High,Medium,Low,Low,Manual,NO,Good,High,Strong,FALSE,0.17
P2333,7.1,5.1,48534.41,Medium,Clear,Medium,Matrix,Time,Low,Low,Low,Low,Automated,YES,Good,Low,Weak,TRUE,0.0
P3212,7.8,9.9,49604.35,High,Clear,High,Functional,Cost,Low,Medium,Low,Low,Mixed,NO,Poor,Low,Strong,TRUE,0.02
P9920,3.4,6.8,20441.94,Low,Medium,High,Projectized,Cost,Low,Medium,Low,Low,Mixed,NO,Poor,Low,Weak,FALSE,0.0
P7117,8.0,6.1,47419.38,High,Clear,Low,Projectized,Cost,Medium,Low,High,High,Mixed,NO,Good,Medium,Strong,TRUE,0.1
P6901,3.7,4.8,48723.06,Low,Medium,Medium,Matrix,Time,Low,Medium,High,Low,Mixed,YES,Poor,High,Weak,TRUE,0.09
P5135,6.2,1.0,19866.34,Medium,Vague,Low,Projectized,Quality,High,High,Low,Low,Manual,NO,Poor,High,Moderate,TRUE,0.16
P6602,5.3,8.6,33115.64,Low,Clear,Medium,Matrix,Time,Medium,High,Low,Medium,Manual,YES,Poor,Medium,Weak,FALSE,0.33
P4175,4.1,10.5,26096.25,Medium,Clear,Medium,Functional,Time,Low,Medium,Low,High,Automated,YES,Average,High,Moderate,TRUE,0.09
P9326,7.2,4.8,17624.39,Low,Clear,High,Projectized,Cost,High,Low,Medium,Low,Automated,NO,Poor,Medium,Weak,TRUE,0.17
P6766,4.9,4.9,27198.3,High,Medium,Medium,Functional,Cost,Medium,Low,Low,Medium,Automated,YES,Good,Medium,Strong,TRUE,0.0
P2472,9.4,6.9,21997.68,High,Medium,High,Projectized,Time,Low,Medium,High,Low,Mixed,YES,Good,Low,Weak,FALSE,0.0
P9135,3.3,11.0,16576.22,Low,Clear,Medium,Matrix,Cost,Low,Medium,High,Medium,Mixed,NO,Average,Medium,Moderate,FALSE,0.19
P7408,4.0,6.4,39320.0,Low,Medium,Low,Functional,Cost,Low,Medium,High,Medium,Automated,YES,Average,Medium,Weak,FALSE,0.06
P1828,7.1,7.4,42839.24,Low,Medium,Low,Functional,Quality,Medium,Medium,High,Low,Mixed,NO,Average,High,Moderate,TRUE,0.23
P8240,7.6,6.6,23071.79,High,Vague,Low,Functional,Quality,Medium,High,High,High,Automated,YES,Good,Medium,Weak,TRUE,0.07
P3610,5.8,7.2,33074.3,Medium,Vague,High,Functional,Cost,High,High,Low,Medium,Manual,YES,Good,High,Moderate,FALSE,0.09
P6312,5.8,7.3,39554.67,High,Medium,High,Matrix,Quality,High,Medium,Low,Low,Manual,NO,Good,Medium,Moderate,FALSE,0.0
P3507,6.1,6.6,31291.68,Medium,Medium,Medium,Functional,Cost,Low,Low,High,Medium,Automated,NO,Good,Medium,Strong,FALSE,0.0
P6408,7.2,6.9,23900.75,Low,Clear,Medium,Matrix,Quality,Medium,Low,Low,High,Mixed,YES,Poor,High,Strong,TRUE,0.35
P3536,5.2,10.8,19060.87,Medium,Medium,Low,Projectized,Time,Medium,Low,High,Low,Automated,YES,Poor,Low,Weak,TRUE,0.0
P6617,7.3,3.3,42942.09,Low,Clear,Medium,Projectized,Time,High,Low,High,Low,Manual,YES,Good,High,Weak,FALSE,0.37
P3337,5.8,9.7,24032.76,High,Vague,Low,Functional,Time,Low,High,Medium,High,Automated,NO,Good,Medium,Strong,FALSE,0.21
P4800,5.0,4.8,13387.53,Low,Medium,Medium,Functional,Quality,Low,Medium,Low,High,Automated,NO,Average,Medium,Strong,FALSE,0.07
P6753,3.0,1.3,43636.35,Medium,Medium,Low,Matrix,Cost,High,Medium,High,Low,Automated,NO,Poor,High,Strong,TRUE,0.0
P7792,3.4,8.0,25384.44,High,Clear,High,Projectized,Cost,Low,Low,High,Medium,Automated,NO,Average,High,Moderate,TRUE,0.06
P9246,2.3,6.2,47302.2,Low,Vague,Medium,Functional,Quality,Low,Medium,High,Low,Manual,YES,Poor,High,Moderate,FALSE,0.12
P9717,9.9,6.9,26309.92,Low,Medium,Low,Functional,Quality,Medium,Low,High,Medium,Manual,YES,Poor,Medium,Strong,FALSE,0.14
P5436,6.9,5.0,48846.04,Low,Vague,High,Functional,Time,Medium,Medium,High,Medium,Manual,NO,Poor,Medium,Moderate,TRUE,0.06
P1952,7.0,6.7,14654.34,Medium,Vague,High,Projectized,Quality,Low,Low,Medium,Medium,Automated,NO,Average,Medium,Weak,TRUE,0.0
P1532,7.2,7.3,36471.11,High,Vague,Medium,Functional,Time,Medium,Medium,Medium,Medium,Automated,YES,Average,Medium,Moderate,FALSE,0.0
P7648,4.7,2.6,43345.76,Medium,Clear,Medium,Functional,Cost,Medium,Medium,High,Low,Automated,YES,Poor,High,Weak,TRUE,0.09
P8603,6.9,9.4,24938.32,Medium,Clear,Low,Functional,Quality,High,Medium,Medium,Low,Automated,NO,Poor,High,Strong,TRUE,0.21
P3879,5.4,4.9,37032.92,Low,Clear,Low,Matrix,Cost,Medium,Low,Medium,Medium,Automated,YES,Average,Medium,Weak,TRUE,0.02
P2948,4.9,7.4,25810.37,Low,Vague,Medium,Matrix,Cost,High,Low,High,Medium,Manual,NO,Poor,Low,Strong,FALSE,0.13
P8788,5.3,4.6,45173.21,Low,Vague,High,Projectized,Cost,Low,High,Low,Low,Manual,NO,Average,Medium,Strong,FALSE,0.15
P3509,3.0,7.6,30097.09,Medium,Clear,Medium,Projectized,Cost,High,Low,High,High,Mixed,NO,Good,High,Strong,TRUE,0.23
P7595,5.5,9.7,26128.43,Medium,Medium,Medium,Projectized,Cost,Medium,High,Medium,Low,Automated,YES,Average,Medium,Strong,FALSE,0.18
P5413,6.4,10.3,37097.52,Low,Medium,High,Matrix,Quality,Low,High,Low,High,Automated,YES,Good,High,Weak,FALSE,0.38
P6009,5.0,6.4,43317.19,Medium,Clear,Low,Matrix,Time,Low,Low,High,Low,Mixed,NO,Poor,Low,Weak,TRUE,0.0
P5961,8.4,7.3,27252.07,Medium,Clear,Low,Projectized,Quality,High,Low,High,High,Automated,YES,Average,High,Weak,TRUE,0.18
P1528,5.6,8.3,29360.82,Low,Medium,Low,Matrix,Cost,Medium,Low,High,Medium,Mixed,YES,Poor,Medium,Strong,TRUE,0.09
P6455,2.1,7.3,32921.69,Medium,Medium,Low,Projectized,Time,Low,Medium,Medium,High,Mixed,NO,Average,Medium,Moderate,TRUE,0.0
P2679,5.8,10.0,23832.24,High,Medium,Medium,Matrix,Quality,High,Low,Low,Medium,Mixed,YES,Poor,Medium,Strong,FALSE,0.0
P3978,8.1,8.2,47870.25,High,Medium,Low,Matrix,Time,High,Low,Low,Medium,Automated,NO,Good,High,Moderate,TRUE,0.14
P1816,5.1,7.1,36380.24,Low,Clear,Medium,Functional,Cost,Medium,Medium,Medium,Medium,Automated,YES,Good,Low,Weak,FALSE,0.19
P3312,4.5,7.7,47541.19,Low,Clear,Medium,Projectized,Time,Medium,Medium,Medium,High,Mixed,NO,Poor,Medium,Weak,TRUE,0.15
P9345,3.7,5.6,31858.34,Medium,Clear,Low,Matrix,Time,Medium,Low,Low,High,Automated,NO,Good,High,Strong,TRUE,0.12
P3581,3.7,6.4,16837.46,Low,Clear,Low,Functional,Cost,High,High,Medium,High,Manual,YES,Poor,Medium,Moderate,TRUE,0.33
P1826,5.0,5.3,10663.7,Low,Vague,Low,Projectized,Cost,High,Medium,High,Low,Automated,YES,Poor,Low,Weak,FALSE,0.04
P9451,8.1,10.3,16520.76,Medium,Medium,Low,Matrix,Time,Medium,Low,Low,High,Manual,NO,Average,High,Weak,TRUE,0.01
P2757,5.0,5.8,11575.67,Low,Clear,Medium,Projectized,Cost,High,High,High,Low,Automated,NO,Poor,Medium,Moderate,FALSE,0.28
P1980,2.2,9.6,11146.1,Medium,Medium,Medium,Functional,Time,Low,High,High,High,Automated,YES,Good,High,Weak,TRUE,0.1
P6579,6.1,5.6,11610.32,Low,Vague,High,Matrix,Quality,Medium,Medium,Low,Medium,Automated,NO,Poor,Medium,Moderate,FALSE,0.05
P1345,2.5,10.0,48952.02,High,Clear,Medium,Projectized,Time,High,High,Low,High,Manual,YES,Good,Low,Weak,TRUE,0.08
P1545,6.7,5.0,46169.73,Low,Medium,High,Functional,Time,Low,High,High,Medium,Manual,NO,Average,Low,Weak,TRUE,0.12
P4283,7.7,2.7,12022.92,Medium,Vague,Low,Matrix,Quality,Low,Medium,Low,Low,Manual,YES,Poor,High,Moderate,TRUE,0.0
P1514,5.5,5.8,19043.16,Medium,Clear,Low,Functional,Cost,Low,Low,High,High,Mixed,YES,Good,Low,Strong,TRUE,0.13
P6391,5.8,5.2,23498.17,High,Vague,High,Functional,Quality,Low,Low,Medium,High,Automated,YES,Poor,High,Moderate,TRUE,0.0
P8300,4.4,7.0,27684.28,Low,Clear,Low,Functional,Cost,Low,Medium,Medium,Low,Automated,YES,Good,Low,Moderate,FALSE,0.16
P7226,3.9,3.7,31197.62,Medium,Medium,High,Matrix,Cost,High,Low,Low,High,Manual,YES,Average,Medium,Weak,TRUE,0.0
P8709,3.6,8.2,16156.0,Medium,Vague,Low,Projectized,Time,Medium,Low,Low,Medium,Manual,YES,Average,Medium,Strong,TRUE,0.0
P3903,5.1,5.6,24442.99,Low,Clear,Medium,Functional,Quality,Low,High,Medium,High,Mixed,NO,Average,Medium,Moderate,TRUE,0.31
P1575,4.3,10.1,17737.41,Low,Medium,High,Projectized,Time,Low,Low,Low,High,Mixed,NO,Poor,High,Moderate,FALSE,0.08
P6851,3.4,8.6,45443.44,Low,Clear,Medium,Matrix,Time,High,Low,High,High,Manual,YES,Good,Low,Moderate,TRUE,0.18
P7192,7.2,6.1,19621.26,Medium,Medium,Low,Projectized,Cost,Low,Medium,Low,Medium,Manual,NO,Poor,High,Moderate,TRUE,0.0
P5655,8.0,8.0,36923.69,Medium,Medium,Medium,Functional,Time,Low,Medium,Medium,High,Automated,NO,Good,Low,Moderate,FALSE,0.0
P1660,8.4,8.0,24418.98,Low,Vague,High,Functional,Cost,Medium,Medium,High,Low,Mixed,NO,Poor,High,Moderate,TRUE,0.08
P3293,3.6,8.8,13249.19,Medium,Vague,Low,Functional,Cost,High,Low,High,High,Automated,YES,Good,Medium,Weak,FALSE,0.0
P1869,8.2,9.1,21577.58,Low,Vague,Low,Functional,Time,Low,Low,High,Low,Mixed,NO,Average,High,Moderate,TRUE,0.17
P2950,10.6,5.8,26447.62,High,Vague,Low,Matrix,Time,Low,Low,Low,Medium,Mixed,NO,Average,Medium,Strong,TRUE,0.0
P1587,4.4,9.3,18061.14,Low,Clear,Medium,Matrix,Time,High,Medium,Medium,High,Mixed,YES,Poor,High,Moderate,FALSE,0.32
P7757,6.4,7.9,42930.93,Medium,Clear,Medium,Functional,Quality,High,Medium,Medium,Low,Automated,YES,Good,Low,Moderate,TRUE,0.15
P9805,6.6,8.3,20121.05,Low,Vague,High,Matrix,Time,Medium,Low,Medium,Medium,Manual,YES,Average,Medium,Strong,FALSE,0.07
P1829,7.8,7.9,22973.18,Low,Medium,Medium,Functional,Quality,Medium,Medium,Medium,Low,Mixed,NO,Average,High,Moderate,FALSE,0.22
P6563,9.4,10.2,33014.37,Medium,Vague,Medium,Matrix,Time,High,High,High,Medium,Manual,NO,Average,Low,Moderate,TRUE,0.12
P7715,2.7,6.0,40743.25,Low,Vague,Low,Projectized,Time,Medium,Low,Low,High,Manual,NO,Good,Medium,Moderate,FALSE,0.08
P8324,3.9,8.2,39883.13,Low,Vague,Medium,Matrix,Quality,High,High,Medium,Medium,Mixed,NO,Good,Medium,Weak,FALSE,0.16
P4113,6.6,5.0,43977.86,High,Medium,Low,Projectized,Cost,High,Medium,High,Medium,Manual,YES,Poor,High,Moderate,TRUE,0.0
P2424,1.8,6.6,28613.48,Low,Vague,High,Functional,Time,High,Medium,Medium,High,Mixed,YES,Average,High,Strong,TRUE,0.17
P4896,3.9,10.8,31925.81,High,Medium,High,Functional,Quality,High,Low,Medium,High,Automated,NO,Good,Low,Strong,FALSE,0.0
P1586,4.3,7.4,12016.67,High,Medium,High,Projectized,Cost,High,Medium,Low,Low,Automated,NO,Good,Medium,Weak,FALSE,0.0
P1487,6.4,8.9,32556.78,Low,Vague,High,Functional,Time,Medium,High,High,High,Automated,YES,Good,Medium,Moderate,FALSE,0.14
P8928,6.0,7.4,23638.34,Medium,Clear,Medium,Projectized,Quality,Low,Medium,Medium,Low,Mixed,NO,Good,Medium,Strong,FALSE,0.1
P3106,5.7,8.5,15731.26,High,Clear,High,Projectized,Time,Low,High,Medium,Low,Automated,YES,Average,High,Moderate,TRUE,0.12
P7527,8.1,10.8,46010.56,Low,Vague,Medium,Matrix,Quality,High,High,Medium,High,Manual,YES,Average,High,Moderate,TRUE,0.33
P9608,7.3,9.1,37185.33,Medium,Medium,Low,Projectized,Cost,Medium,High,Medium,Medium,Mixed,NO,Poor,Medium,Strong,TRUE,0.09
P9484,6.5,8.3,35348.46,High,Medium,High,Matrix,Cost,High,Low,Medium,Medium,Mixed,NO,Average,Medium,Weak,FALSE,0.0
P3594,5.5,7.1,39151.12,High,Clear,Medium,Functional,Quality,High,High,Medium,Low,Manual,NO,Poor,Medium,Strong,TRUE,0.26
P6432,3.5,3.1,15383.05,Low,Clear,Low,Projectized,Time,Low,High,Low,Low,Automated,YES,Average,Low,Strong,FALSE,0.33
P2364,6.5,8.3,14137.36,Medium,Medium,Medium,Projectized,Quality,Low,High,High,High,Automated,NO,Good,Low,Strong,TRUE,0.19
P1085,4.7,6.2,10001.23,Low,Vague,High,Projectized,Quality,Medium,Low,Low,High,Automated,NO,Poor,Low,Strong,FALSE,0.08
P2371,4.2,9.7,20179.25,Medium,Medium,Medium,Functional,Quality,Low,Low,Low,High,Mixed,YES,Poor,Medium,Moderate,TRUE,0.0
P4254,5.4,8.2,13402.26,High,Medium,High,Functional,Time,High,High,Medium,Low,Automated,YES,Average,High,Moderate,TRUE,0.21
P5400,1.7,8.8,34285.41,Medium,Vague,Medium,Matrix,Time,Medium,High,High,Medium,Manual,YES,Poor,High,Moderate,FALSE,0.02
P6544,4.8,6.4,13865.79,Medium,Medium,Medium,Functional,Cost,High,High,Medium,Medium,Manual,YES,Average,Low,Moderate,FALSE,0.0
P7378,8.8,2.0,44944.74,Medium,Vague,Medium,Matrix,Time,High,Medium,Medium,Medium,Mixed,NO,Good,High,Moderate,TRUE,0.0
P3869,8.0,5.4,36900.29,High,Vague,Low,Functional,Time,Low,Medium,High,High,Mixed,NO,Average,Low,Strong,FALSE,0.0
P4758,3.7,9.3,15328.4,Medium,Vague,Low,Projectized,Cost,High,Medium,High,Medium,Mixed,YES,Good,Medium,Weak,FALSE,0.0
P5128,6.7,10.5,38024.46,Medium,Medium,High,Functional,Time,Medium,High,Low,High,Automated,NO,Average,Medium,Strong,FALSE,0.13
P7587,7.1,7.7,29998.36,High,Clear,High,Functional,Cost,High,Low,High,Medium,Mixed,YES,Good,Medium,Strong,TRUE,0.16
P5063,8.9,6.1,34684.24,Low,Medium,Low,Matrix,Cost,Low,Medium,Medium,Low,Manual,NO,Good,Medium,Moderate,FALSE,0.02
P2592,5.3,7.8,15021.99,Medium,Medium,High,Matrix,Time,Medium,Low,Medium,Low,Mixed,YES,Good,Medium,Strong,TRUE,0.08
P5964,4.7,5.3,12281.08,Medium,Medium,High,Functional,Quality,Low,Medium,High,High,Mixed,NO,Good,Medium,Strong,TRUE,0.0
P7889,6.4,5.2,31773.8,Medium,Clear,Medium,Functional,Cost,Low,Low,Low,High,Automated,YES,Average,Medium,Strong,FALSE,0.12
P2780,3.5,10.9,20092.48,Medium,Vague,Low,Projectized,Time,Medium,High,Medium,Medium,Manual,YES,Average,High,Moderate,FALSE,0.12
P3943,7.8,3.9,45917.41,Medium,Medium,Low,Projectized,Time,Medium,Low,Medium,High,Manual,NO,Average,High,Weak,FALSE,0.0
P1875,8.6,5.4,35638.62,Low,Medium,Low,Projectized,Time,Low,High,Low,High,Manual,NO,Average,High,Moderate,TRUE,0.31
P6721,3.3,6.7,38069.53,High,Vague,Medium,Functional,Cost,Medium,Medium,Low,Medium,Mixed,NO,Average,Medium,Strong,TRUE,0.0
P4740,7.6,6.3,40661.09,High,Clear,Medium,Matrix,Cost,Medium,Medium,High,High,Mixed,NO,Poor,High,Strong,TRUE,0.17
P9777,3.9,9.5,37026.52,Medium,Vague,High,Projectized,Cost,Low,Medium,High,Low,Manual,YES,Average,Medium,Strong,TRUE,0.0
P2330,4.8,2.5,47389.2,Low,Clear,Medium,Functional,Quality,Medium,High,Low,High,Mixed,NO,Average,High,Weak,FALSE,0.26
P1198,5.0,6.3,33381.72,Medium,Clear,Low,Projectized,Cost,Medium,High,High,Medium,Automated,NO,Average,High,Moderate,TRUE,0.18
P8808,6.7,6.6,30237.27,Medium,Medium,Medium,Functional,Quality,High,High,High,High,Manual,YES,Average,High,Moderate,FALSE,0.12
P1457,6.9,5.0,49909.98,Medium,Clear,Medium,Projectized,Time,High,High,High,Low,Automated,NO,Average,Medium,Moderate,TRUE,0.02
P8790,4.6,5.1,45330.94,Medium,Clear,Low,Matrix,Quality,Medium,Low,Medium,High,Mixed,YES,Poor,Medium,Strong,TRUE,0.03
P1369,2.4,4.3,36387.61,High,Medium,High,Projectized,Quality,High,Low,High,Low,Manual,NO,Average,Low,Moderate,FALSE,0.0
P3933,4.4,7.3,48182.64,High,Vague,Low,Matrix,Cost,Medium,Medium,High,Medium,Manual,NO,Average,Medium,Strong,FALSE,0.0
P2578,5.8,4.6,34072.27,Low,Clear,Medium,Functional,Time,High,Low,High,Medium,Mixed,YES,Average,Low,Moderate,FALSE,0.08
P1686,9.0,5.3,25669.7,High,Vague,High,Functional,Quality,High,High,High,Medium,Manual,NO,Average,Medium,Weak,FALSE,0.0
P2068,7.0,5.5,18353.24,High,Medium,Medium,Matrix,Cost,High,High,High,Low,Manual,NO,Average,High,Moderate,FALSE,0.14
P2256,4.6,9.0,33079.26,High,Medium,High,Functional,Quality,Low,Low,Medium,Low,Mixed,NO,Average,High,Strong,TRUE,0.03
P7632,8.2,5.9,31611.16,High,Clear,Low,Functional,Time,Medium,Medium,High,Low,Manual,NO,Average,Medium,Moderate,TRUE,0.01
P6325,4.4,6.6,21853.03,Low,Vague,Low,Matrix,Time,High,Low,High,Medium,Manual,YES,Average,Low,Weak,FALSE,0.1
P4716,5.9,6.8,27310.86,High,Clear,Medium,Matrix,Cost,Low,High,Low,Medium,Automated,NO,Good,Medium,Weak,FALSE,0.13
P3813,6.3,9.4,13207.47,Low,Vague,Medium,Functional,Cost,Medium,High,High,High,Mixed,YES,Average,Low,Moderate,TRUE,0.17
P1239,10.5,6.2,43146.12,Low,Clear,Low,Projectized,Quality,Medium,High,High,Medium,Mixed,YES,Good,High,Strong,TRUE,0.47
P9930,7.8,8.1,11611.42,Medium,Medium,Medium,Projectized,Quality,Medium,Medium,High,High,Automated,YES,Good,Medium,Weak,FALSE,0.0
P3750,6.9,1.9,33225.81,Medium,Clear,High,Functional,Cost,High,High,Medium,Medium,Mixed,YES,Poor,Low,Weak,FALSE,0.09
P3963,6.9,9.8,48021.31,Medium,Medium,Medium,Matrix,Quality,High,Low,High,Medium,Manual,YES,Poor,Low,Moderate,FALSE,0.0
P9174,4.7,6.2,27594.23,Medium,Medium,Low,Matrix,Cost,Medium,Medium,High,Low,Automated,YES,Poor,Medium,Strong,FALSE,0.0
P7444,9.1,7.3,46096.13,Medium,Vague,Low,Matrix,Time,Low,High,Medium,Low,Mixed,YES,Poor,Low,Strong,FALSE,0.09
P9524,3.4,5.9,27703.09,Medium,Vague,Medium,Functional,Time,Medium,Low,Low,Low,Mixed,YES,Average,High,Moderate,TRUE,0.0
P8079,8.4,9.3,32187.48,Low,Vague,Medium,Projectized,Cost,High,High,Low,Medium,Manual,NO,Average,Low,Strong,FALSE,0.29
P9474,6.9,9.2,41376.22,High,Clear,High,Projectized,Cost,Medium,Low,High,Low,Mixed,YES,Average,Medium,Strong,TRUE,0.0
P1517,9.5,7.1,34203.58,Medium,Medium,High,Functional,Time,Medium,Low,High,Medium,Manual,YES,Good,Low,Moderate,TRUE,0.0
P3384,7.1,4.4,32864.31,High,Clear,High,Projectized,Cost,Low,High,Low,Low,Manual,NO,Good,High,Weak,FALSE,0.29
P4210,7.1,3.9,36660.88,Low,Vague,High,Projectized,Time,Medium,Low,Low,High,Mixed,YES,Average,Low,Weak,TRUE,0.0
P7508,5.8,5.4,16534.67,Low,Vague,Medium,Projectized,Time,High,Low,Low,High,Automated,YES,Average,Low,Strong,TRUE,0.09
P9235,4.9,5.9,25911.74,Low,Vague,Medium,Functional,Time,Low,Low,High,High,Manual,YES,Average,Low,Strong,TRUE,0.07
P5429,0.1,11.1,25311.36,High,Vague,Low,Matrix,Cost,High,Low,High,High,Automated,YES,Poor,High,Strong,FALSE,0.08
P3154,6.4,5.5,12846.23,Low,Clear,Medium,Projectized,Cost,Medium,Low,High,Medium,Mixed,YES,Poor,Low,Weak,TRUE,0.13
