project_complexity,scope_clarity,urgency_level,org_structure_type,client_priority,avg_dev_experience,pm_experience,team_sdlc_knowledge,user_involvement,tool_familiarity,legacy_system_involved,tech_stack_familiarity,testing_strategy,on_schedule,budget_estimation,communication_quality,risk_management_score,control_mechanism,success_status
low,clear,high,functional,quality,4.4,3.7,high,low,low,True,low,manual,yes,24600.64,good,high,weak,0.51
low,clear,low,projectized,time,10.1,11.4,high,medium,low,False,high,automated,no,176722.75,good,high,moderate,0.64
high,clear,medium,projectized,quality,12.9,12.5,high,low,medium,True,medium,automated,no,416408.29,poor,medium,weak,0.5
high,vague,high,projectized,time,4.2,6.5,high,high,high,False,medium,manual,no,89700.51,average,high,weak,0.52
medium,vague,low,functional,cost,9.5,4.3,low,high,high,False,medium,manual,yes,345460.98,good,high,strong,0.56
medium,medium,medium,projectized,cost,13.8,11.8,low,medium,high,False,medium,mixed,no,80007.08,good,high,weak,0.58
low,vague,medium,functional,time,7.0,12.1,medium,high,high,False,high,automated,yes,84892.25,good,low,moderate,0.62
low,clear,medium,matrix,time,14.9,11.1,low,high,low,True,low,mixed,no,386613.38,average,high,moderate,0.52
medium,clear,medium,projectized,time,13.3,6.0,low,high,low,True,low,manual,yes,84891.24,good,low,weak,0.53
high,vague,medium,matrix,cost,2.6,7.9,medium,high,high,True,low,automated,yes,368634.72,good,low,strong,0.49
high,vague,medium,functional,cost,4.7,17.6,medium,high,low,True,low,manual,no,497623.18,poor,medium,moderate,0.39
low,medium,high,projectized,cost,1.9,1.4,low,high,low,True,high,automated,yes,122181.47,good,medium,strong,0.54
low,clear,medium,functional,quality,4.0,3.5,low,low,medium,True,medium,manual,yes,56219.64,poor,medium,moderate,0.49
medium,medium,medium,functional,cost,10.4,19.7,high,high,medium,False,high,automated,yes,103202.37,average,high,moderate,0.66
high,medium,medium,projectized,cost,7.2,17.4,low,high,high,True,high,automated,yes,209142.89,average,high,moderate,0.58
high,clear,medium,projectized,quality,4.7,15.9,medium,medium,medium,False,high,automated,no,116673.44,good,low,weak,0.56
low,clear,low,matrix,cost,1.7,10.1,low,high,high,True,high,automated,yes,340854.15,good,medium,strong,0.61
low,clear,low,functional,cost,9.7,9.0,low,low,low,False,medium,automated,no,126956.12,average,high,weak,0.52
low,medium,medium,matrix,cost,1.1,12.8,low,high,high,True,low,manual,yes,467297.1,good,high,moderate,0.52
medium,clear,medium,functional,time,5.2,19.7,low,low,high,False,low,automated,yes,139588.3,good,low,weak,0.53
high,medium,medium,functional,cost,11.0,4.9,low,medium,low,False,medium,automated,yes,320799.38,average,high,strong,0.5
medium,clear,low,matrix,cost,11.4,11.5,medium,low,high,True,high,mixed,yes,277339.24,average,low,weak,0.54
high,medium,high,projectized,quality,6.1,18.7,high,medium,high,True,low,automated,no,392256.96,average,low,weak,0.48
high,clear,high,projectized,quality,1.3,15.0,medium,medium,low,True,medium,automated,yes,197445.44,good,medium,strong,0.54
high,medium,medium,matrix,cost,4.1,13.5,medium,medium,medium,True,medium,manual,no,342963.88,poor,medium,strong,0.45
high,medium,high,functional,quality,1.5,12.3,medium,low,medium,False,low,mixed,yes,198745.76,poor,high,moderate,0.45
high,vague,medium,projectized,time,14.0,11.2,low,low,low,True,medium,manual,yes,474948.5,average,low,moderate,0.43
low,clear,low,matrix,time,5.3,8.8,medium,low,medium,True,high,manual,no,341885.79,good,low,weak,0.49
medium,medium,low,projectized,quality,5.0,9.2,low,low,low,False,medium,manual,no,341057.34,poor,medium,weak,0.43
high,vague,high,matrix,time,10.3,12.8,high,high,low,False,high,automated,yes,21968.44,good,medium,weak,0.57
high,medium,medium,functional,time,3.7,14.2,medium,medium,high,True,low,mixed,yes,447403.31,good,medium,strong,0.5
high,vague,low,matrix,cost,8.8,18.4,high,medium,high,False,low,mixed,no,475519.41,average,low,weak,0.48
low,medium,low,matrix,cost,11.4,10.0,medium,high,low,False,low,manual,yes,144552.75,good,low,moderate,0.56
high,medium,medium,matrix,time,2.1,3.9,medium,low,high,True,high,manual,no,172131.88,average,medium,strong,0.47
high,medium,medium,functional,time,1.3,17.7,low,medium,medium,True,medium,manual,no,428189.5,average,low,weak,0.39
low,vague,low,projectized,quality,4.1,9.3,high,medium,medium,False,low,automated,no,460575.39,poor,low,strong,0.51
medium,vague,low,functional,cost,2.2,9.1,medium,high,high,False,medium,manual,yes,232802.67,average,medium,moderate,0.52
medium,medium,high,matrix,cost,11.5,2.0,medium,high,low,True,low,automated,yes,475309.75,good,high,weak,0.48
high,clear,high,matrix,time,2.6,19.0,medium,low,medium,False,high,mixed,yes,391118.02,good,medium,strong,0.54
low,clear,medium,functional,time,13.7,8.1,low,high,high,True,high,mixed,no,426643.69,poor,high,weak,0.53
high,medium,low,matrix,time,6.2,10.6,medium,high,medium,False,high,manual,no,321436.7,average,low,strong,0.52
medium,clear,low,functional,time,4.8,16.4,low,medium,medium,False,low,mixed,no,167929.25,good,high,moderate,0.54
medium,clear,medium,functional,time,10.4,7.4,medium,medium,high,False,high,manual,no,176766.03,poor,low,moderate,0.51
low,clear,low,projectized,cost,4.4,8.7,low,high,low,False,low,mixed,no,229605.53,good,high,moderate,0.54
high,medium,low,projectized,quality,10.3,8.0,low,low,medium,False,low,mixed,no,182387.16,average,medium,moderate,0.49
medium,clear,high,functional,cost,5.4,15.1,low,high,high,True,low,manual,no,365046.65,poor,low,moderate,0.43
high,clear,medium,projectized,quality,3.5,1.3,low,high,medium,True,high,mixed,no,351734.52,good,low,moderate,0.48
high,clear,low,matrix,quality,7.7,7.5,high,medium,medium,True,high,manual,no,46300.26,poor,low,strong,0.55
high,clear,low,matrix,cost,14.9,3.3,medium,low,low,True,low,manual,no,455167.15,average,low,moderate,0.42
medium,vague,low,projectized,time,14.4,2.9,high,low,high,False,low,automated,yes,127533.94,poor,high,strong,0.59
high,medium,medium,functional,time,7.6,1.6,medium,low,medium,False,high,mixed,yes,462716.41,poor,low,weak,0.42
high,medium,high,functional,cost,10.1,18.3,high,high,high,True,medium,mixed,no,225185.19,average,low,moderate,0.5
low,medium,medium,functional,time,7.9,2.5,high,medium,low,False,low,manual,yes,54750.17,poor,low,weak,0.48
high,vague,medium,functional,cost,11.7,4.3,low,low,medium,False,high,mixed,no,321044.51,average,high,moderate,0.44
medium,medium,medium,matrix,time,2.5,4.1,medium,low,medium,False,low,manual,yes,232864.7,average,medium,moderate,0.46
high,medium,low,projectized,time,13.2,9.8,high,high,low,False,low,manual,no,382395.36,good,medium,weak,0.52
high,medium,medium,functional,quality,2.7,19.5,low,high,low,True,medium,mixed,yes,280603.19,good,high,strong,0.53
medium,clear,low,projectized,quality,14.1,6.5,low,medium,medium,False,medium,automated,no,280119.89,average,high,weak,0.56
low,vague,high,projectized,quality,11.8,17.2,medium,low,medium,True,medium,mixed,no,420363.2,poor,low,moderate,0.47
high,medium,low,matrix,quality,5.7,15.5,medium,medium,medium,True,low,automated,no,124445.6,average,high,moderate,0.54
low,medium,low,matrix,quality,14.8,16.1,low,high,medium,True,high,mixed,no,436153.15,average,high,weak,0.58
medium,clear,low,projectized,quality,13.2,19.4,high,medium,medium,False,low,mixed,no,328419.96,average,low,weak,0.56
medium,medium,low,functional,quality,13.2,1.7,high,high,low,False,high,mixed,yes,222646.02,good,low,weak,0.56
high,medium,high,functional,quality,13.6,1.9,high,medium,medium,False,medium,automated,yes,270271.5,poor,low,strong,0.5
high,clear,high,functional,quality,9.7,5.6,low,high,high,False,low,manual,no,135110.09,good,medium,moderate,0.51
low,vague,high,projectized,quality,14.2,19.8,medium,low,medium,False,medium,manual,yes,499693.05,average,high,strong,0.59
medium,vague,medium,functional,quality,14.9,6.6,low,medium,medium,True,low,mixed,yes,456202.31,poor,medium,moderate,0.45
high,vague,medium,projectized,time,3.7,5.8,low,low,low,True,low,automated,yes,161377.11,average,high,weak,0.42
medium,vague,high,projectized,quality,5.6,8.9,high,high,low,False,low,mixed,no,416931.58,average,medium,moderate,0.47
low,medium,high,matrix,cost,3.0,19.4,low,low,low,False,low,manual,yes,397434.16,good,medium,weak,0.45
high,medium,medium,functional,time,10.4,12.1,low,medium,high,True,medium,automated,no,458475.4,good,low,strong,0.49
low,medium,low,matrix,time,6.7,3.7,high,medium,medium,True,high,automated,yes,200436.46,average,low,weak,0.54
low,vague,medium,functional,time,11.2,17.8,low,high,medium,False,medium,automated,no,116462.15,average,high,moderate,0.58
high,vague,medium,functional,time,6.0,8.6,high,high,medium,True,low,automated,yes,34783.47,average,high,strong,0.55
low,clear,high,functional,cost,9.2,16.4,high,medium,high,True,medium,automated,yes,274705.57,good,high,weak,0.59
high,clear,high,matrix,cost,9.2,1.3,medium,high,high,False,low,automated,yes,243360.52,average,low,weak,0.48
high,medium,low,projectized,time,1.6,15.9,low,low,medium,False,low,automated,yes,499307.51,average,medium,weak,0.47
high,medium,low,matrix,cost,13.6,7.1,high,high,high,False,low,mixed,no,196643.16,poor,low,moderate,0.52
medium,vague,low,matrix,cost,12.1,3.2,low,low,low,True,medium,manual,yes,212768.65,average,medium,moderate,0.45
low,clear,medium,matrix,quality,10.3,8.1,high,low,medium,True,high,automated,yes,221619.49,poor,low,moderate,0.56
high,vague,high,functional,time,8.9,13.7,medium,medium,low,False,low,automated,no,304200.94,average,high,weak,0.43
low,clear,high,functional,quality,4.1,3.1,low,medium,high,False,low,automated,no,424126.03,poor,low,weak,0.42
low,vague,high,functional,time,12.6,6.1,high,medium,low,False,medium,manual,yes,98888.72,good,low,weak,0.52
medium,clear,high,functional,time,14.6,2.7,low,high,medium,False,medium,manual,yes,191326.02,poor,medium,weak,0.49
low,clear,high,projectized,cost,11.6,1.9,high,medium,medium,False,medium,mixed,no,212950.03,good,low,strong,0.55
medium,medium,high,matrix,time,10.5,10.2,low,medium,high,True,medium,mixed,yes,13766.67,average,high,strong,0.57
medium,medium,medium,projectized,cost,8.0,9.2,high,medium,low,True,low,mixed,no,45316.99,poor,high,moderate,0.51
high,medium,high,matrix,time,7.0,8.7,low,medium,medium,True,medium,automated,no,94217.86,poor,medium,weak,0.44
medium,clear,medium,projectized,cost,7.1,8.6,high,medium,medium,False,high,manual,yes,47425.89,poor,high,weak,0.59
low,clear,medium,matrix,time,14.4,13.3,high,high,high,True,medium,automated,yes,305175.5,poor,high,strong,0.65
low,medium,medium,functional,time,7.3,18.6,low,low,low,False,low,manual,yes,225483.78,average,medium,weak,0.47
medium,medium,low,projectized,quality,8.1,6.9,medium,high,high,False,medium,automated,yes,311354.11,poor,medium,moderate,0.58
low,vague,low,projectized,quality,13.7,11.9,high,medium,low,False,low,automated,yes,230756.32,average,low,strong,0.59
low,vague,high,projectized,cost,10.9,19.8,low,low,low,True,medium,manual,no,199834.11,average,low,weak,0.43
high,vague,low,matrix,cost,5.6,11.6,medium,medium,medium,True,medium,automated,yes,459205.76,average,low,weak,0.45
low,medium,high,functional,time,14.1,6.9,medium,low,medium,True,low,mixed,yes,326552.16,average,low,moderate,0.46
high,medium,medium,projectized,cost,5.8,15.6,high,high,high,True,high,manual,yes,258767.96,poor,low,weak,0.52
high,vague,medium,functional,cost,9.4,3.9,high,low,low,True,low,manual,yes,211320.72,poor,low,strong,0.4
medium,vague,medium,functional,quality,4.3,5.5,medium,high,medium,False,medium,manual,no,256424.28,average,high,strong,0.5
low,clear,medium,projectized,time,7.7,8.1,high,low,low,True,medium,automated,yes,143667.74,poor,high,moderate,0.56
high,clear,medium,matrix,cost,6.8,8.5,medium,high,medium,True,medium,automated,yes,166155.59,good,low,weak,0.52
medium,clear,high,projectized,quality,13.8,10.0,high,low,medium,False,low,automated,yes,19311.9,good,high,weak,0.62
low,vague,low,matrix,cost,11.9,5.5,high,high,high,False,low,mixed,no,40775.5,average,low,weak,0.55
high,vague,low,functional,cost,11.1,6.5,high,low,medium,True,low,manual,yes,335541.94,good,low,moderate,0.45
high,vague,low,functional,time,8.8,8.4,medium,high,low,False,medium,manual,yes,184976.0,good,medium,strong,0.54
low,vague,low,projectized,time,11.3,7.3,high,medium,low,False,low,automated,no,490601.4,average,low,strong,0.52
high,clear,low,matrix,cost,5.1,1.8,high,high,medium,False,low,manual,no,134123.74,poor,high,moderate,0.51
medium,clear,low,matrix,quality,2.7,8.0,medium,low,medium,False,medium,automated,no,349113.56,average,low,moderate,0.49
high,vague,medium,projectized,quality,9.4,16.6,low,medium,medium,True,high,manual,no,160182.97,poor,low,moderate,0.47
high,vague,medium,matrix,quality,1.6,17.5,medium,low,medium,False,low,automated,yes,338880.11,average,medium,weak,0.46
low,vague,high,projectized,cost,12.9,13.9,medium,high,high,True,high,mixed,no,187453.79,poor,high,weak,0.54
high,vague,medium,matrix,quality,7.2,2.5,high,low,medium,False,medium,mixed,no,132309.71,good,high,weak,0.49
high,medium,low,matrix,time,2.6,15.7,low,medium,high,False,low,manual,yes,70092.34,good,medium,strong,0.57
low,medium,high,functional,quality,10.3,14.5,low,low,medium,False,high,mixed,yes,398911.23,poor,high,strong,0.54
high,clear,high,matrix,cost,6.1,11.9,medium,low,high,True,high,manual,no,499801.57,poor,medium,weak,0.43
medium,medium,low,projectized,cost,14.6,13.2,medium,medium,low,False,high,mixed,yes,386213.0,good,medium,weak,0.58
high,clear,low,projectized,quality,3.3,7.1,low,high,medium,False,high,manual,yes,321177.97,poor,medium,strong,0.55
low,medium,low,functional,cost,8.0,4.2,low,high,high,False,low,automated,yes,49799.2,poor,low,moderate,0.54
low,clear,low,matrix,time,9.9,10.5,low,low,medium,False,medium,automated,no,155742.6,good,low,strong,0.57
high,medium,medium,matrix,quality,3.9,12.5,medium,low,medium,False,medium,automated,no,262340.27,good,medium,strong,0.51
medium,clear,medium,matrix,cost,3.0,2.0,medium,low,medium,True,high,manual,no,103018.71,good,medium,weak,0.48
medium,medium,medium,matrix,cost,2.3,8.5,medium,high,high,False,high,automated,no,252498.16,poor,low,moderate,0.5
medium,vague,high,projectized,quality,2.9,6.0,medium,medium,medium,True,medium,automated,yes,187636.65,average,high,moderate,0.51
low,medium,low,matrix,time,10.5,3.3,high,medium,medium,False,low,manual,yes,107538.36,poor,medium,weak,0.54
high,clear,high,projectized,time,5.7,10.0,medium,high,low,True,medium,mixed,no,89626.0,poor,low,moderate,0.47
low,medium,low,functional,time,7.9,11.7,medium,high,medium,False,low,automated,no,296014.05,poor,low,weak,0.49
high,vague,medium,matrix,time,12.0,15.7,low,high,low,True,low,manual,yes,266873.84,poor,low,moderate,0.44
high,vague,high,projectized,time,14.3,3.1,high,medium,medium,False,high,manual,yes,211084.93,poor,medium,weak,0.49
low,clear,low,projectized,time,3.9,7.2,low,medium,low,False,medium,automated,no,456940.84,average,low,moderate,0.49
low,vague,low,functional,time,4.7,10.2,high,medium,low,False,high,manual,no,355401.46,poor,low,moderate,0.47
medium,medium,medium,functional,time,4.8,3.3,low,low,medium,False,medium,automated,no,30612.58,poor,high,moderate,0.47
medium,vague,medium,functional,quality,4.0,16.7,medium,low,low,False,high,automated,yes,128804.44,poor,low,strong,0.52
low,clear,high,projectized,quality,5.6,10.0,low,high,high,True,medium,mixed,no,243949.78,good,medium,moderate,0.55
medium,vague,high,projectized,time,9.0,11.2,low,high,high,False,high,automated,no,396100.71,good,low,moderate,0.52
high,clear,medium,functional,time,2.5,19.7,medium,medium,low,False,high,mixed,no,143690.17,good,medium,strong,0.55
low,medium,low,matrix,time,3.6,15.0,medium,low,low,True,high,mixed,no,415225.01,poor,medium,strong,0.49
medium,vague,high,projectized,cost,7.7,18.8,high,medium,medium,True,medium,manual,no,157953.46,poor,low,strong,0.49
medium,vague,medium,functional,cost,1.9,3.2,medium,high,medium,False,low,automated,no,190096.51,good,high,strong,0.5
medium,clear,medium,functional,time,6.2,14.3,medium,low,low,True,high,mixed,yes,267498.26,poor,low,moderate,0.47
high,vague,high,projectized,time,13.6,4.8,low,high,high,False,low,manual,yes,343344.67,poor,low,moderate,0.45
high,vague,medium,projectized,quality,2.8,8.9,low,high,low,False,low,manual,yes,204014.87,good,low,strong,0.48
low,clear,high,matrix,quality,10.8,11.3,high,high,medium,True,medium,manual,yes,386796.31,poor,low,weak,0.52
medium,medium,medium,matrix,quality,6.3,14.0,low,low,high,False,high,automated,no,269132.84,poor,high,strong,0.54
high,medium,medium,functional,time,8.6,11.1,high,high,medium,False,high,manual,yes,469331.08,poor,high,strong,0.56
low,medium,low,projectized,cost,3.9,2.9,high,medium,low,True,high,mixed,yes,207110.02,good,low,strong,0.55
high,clear,low,matrix,cost,12.4,14.9,medium,low,low,False,high,manual,yes,492990.82,poor,high,moderate,0.54
medium,medium,high,functional,time,13.3,18.3,low,low,medium,False,high,manual,no,395044.25,average,low,moderate,0.47
medium,clear,medium,matrix,cost,11.6,10.0,high,medium,low,True,medium,automated,no,484215.23,poor,low,strong,0.49
medium,clear,medium,projectized,quality,10.1,18.5,medium,high,low,True,high,manual,no,340099.24,poor,high,strong,0.58
high,vague,low,functional,time,4.0,5.0,medium,medium,high,True,high,mixed,yes,375970.82,average,high,weak,0.48
low,vague,high,matrix,cost,8.7,15.7,medium,medium,low,False,medium,manual,no,261280.1,average,medium,strong,0.49
low,medium,medium,projectized,quality,5.4,1.9,high,low,high,True,medium,mixed,no,154644.22,good,medium,strong,0.56
medium,vague,high,matrix,time,10.2,14.0,medium,medium,low,False,medium,automated,no,92940.2,poor,low,moderate,0.48
high,vague,low,projectized,time,1.5,17.1,low,high,high,False,high,mixed,yes,43304.29,good,high,strong,0.64
low,medium,medium,projectized,time,9.9,18.7,medium,low,medium,True,high,mixed,no,15806.97,poor,low,moderate,0.54
low,medium,high,functional,time,10.4,16.3,high,high,high,True,high,automated,no,409455.05,average,medium,strong,0.59
medium,medium,medium,functional,cost,14.9,5.3,low,high,low,True,high,manual,no,194813.09,average,high,weak,0.48
high,vague,high,projectized,quality,12.8,13.3,medium,low,high,True,high,automated,no,142836.58,good,low,moderate,0.53
low,vague,low,projectized,cost,14.0,7.0,high,low,high,False,high,manual,yes,286339.52,poor,medium,weak,0.56
low,medium,medium,functional,cost,12.1,14.1,high,low,low,False,high,automated,no,123750.56,good,medium,weak,0.56
low,vague,medium,matrix,cost,9.9,15.9,medium,medium,high,False,low,manual,no,101011.54,poor,low,moderate,0.51
high,vague,medium,projectized,time,2.0,6.1,medium,low,low,True,low,manual,no,186743.11,good,high,moderate,0.42
medium,medium,medium,projectized,cost,2.2,9.2,low,low,low,False,high,automated,yes,183418.0,good,low,weak,0.48
medium,medium,high,matrix,quality,6.4,2.6,low,high,low,True,low,manual,yes,78031.63,average,medium,moderate,0.48
high,clear,high,matrix,quality,6.9,10.2,high,medium,medium,True,low,mixed,no,300965.14,good,medium,strong,0.51
high,medium,high,matrix,quality,12.8,8.2,medium,medium,medium,False,low,mixed,yes,157213.29,poor,low,strong,0.5
medium,medium,high,matrix,quality,5.1,14.2,medium,low,high,False,medium,manual,no,188857.61,poor,high,weak,0.48
low,clear,low,functional,cost,14.3,9.8,low,high,medium,False,low,automated,no,339759.05,good,low,moderate,0.55
high,medium,low,projectized,time,6.9,8.2,medium,low,medium,False,low,mixed,no,276386.15,average,low,weak,0.44
low,vague,high,projectized,cost,10.2,7.7,low,low,high,False,medium,manual,yes,15168.41,average,high,weak,0.53
low,vague,low,functional,time,9.1,9.5,medium,medium,low,True,medium,automated,no,61229.19,average,high,strong,0.55
low,clear,medium,matrix,quality,7.4,4.9,medium,medium,medium,True,medium,mixed,no,166265.64,average,high,weak,0.52
high,clear,medium,functional,cost,10.5,4.1,low,high,low,True,low,automated,no,284325.99,average,high,moderate,0.45
low,clear,high,functional,time,7.0,1.6,low,high,medium,False,medium,automated,yes,110834.39,poor,high,weak,0.53
high,vague,high,matrix,quality,3.8,3.2,low,medium,low,False,low,manual,no,297632.31,average,medium,moderate,0.37
low,clear,low,functional,quality,13.9,12.2,low,high,medium,True,high,manual,yes,99691.81,poor,high,weak,0.62
medium,medium,low,projectized,time,6.4,4.5,low,low,low,True,low,automated,no,151529.04,good,medium,moderate,0.47
low,clear,medium,projectized,quality,2.9,16.5,low,low,low,False,medium,mixed,no,213658.91,average,medium,strong,0.53
high,vague,high,projectized,quality,1.5,5.3,medium,high,medium,False,low,mixed,yes,290629.89,average,low,moderate,0.44
low,clear,low,matrix,time,4.1,9.1,low,low,high,False,high,manual,no,180802.72,good,medium,strong,0.57
high,clear,low,functional,time,5.9,14.5,low,medium,high,True,high,automated,yes,289336.43,poor,medium,weak,0.51
low,clear,medium,functional,quality,5.1,6.1,low,low,high,True,medium,automated,no,434853.32,good,low,strong,0.5
high,clear,low,matrix,cost,11.7,13.8,medium,high,low,False,low,manual,no,231475.94,poor,high,moderate,0.52
low,vague,medium,functional,quality,7.4,10.3,low,high,low,True,low,manual,no,426552.06,poor,medium,strong,0.44
medium,clear,medium,matrix,quality,12.6,7.4,low,high,low,False,medium,mixed,yes,32512.03,poor,medium,strong,0.58
high,clear,medium,matrix,cost,14.9,9.1,low,high,low,False,high,manual,yes,330748.1,average,high,moderate,0.55
low,vague,high,projectized,quality,9.8,14.8,high,medium,low,True,low,automated,yes,114576.38,good,high,weak,0.58
high,vague,low,matrix,cost,1.1,7.5,high,medium,low,True,medium,automated,yes,197704.26,poor,high,strong,0.49
medium,medium,medium,projectized,quality,11.8,15.3,high,low,low,True,high,mixed,yes,309056.43,good,medium,moderate,0.58
low,clear,low,functional,cost,13.9,12.7,medium,high,high,True,high,automated,no,182252.46,average,medium,strong,0.63
high,medium,low,projectized,cost,8.7,12.4,low,medium,low,True,low,manual,yes,263697.07,poor,high,weak,0.45
medium,medium,low,projectized,cost,7.9,3.1,medium,low,low,True,low,automated,no,467622.96,good,medium,weak,0.44
medium,medium,low,functional,cost,11.7,19.1,high,high,low,True,high,manual,yes,29515.16,good,medium,weak,0.61
medium,vague,low,functional,quality,6.9,8.6,low,low,low,True,medium,automated,no,48720.57,good,high,weak,0.49
medium,medium,low,functional,time,10.5,2.3,low,medium,low,True,high,automated,yes,463067.6,good,medium,weak,0.49
low,clear,medium,functional,time,10.2,4.3,high,low,high,True,high,manual,no,266272.63,poor,medium,strong,0.53
medium,clear,low,matrix,time,13.4,15.7,high,medium,medium,False,low,automated,no,359038.39,poor,low,strong,0.56
medium,medium,low,matrix,cost,8.0,11.8,medium,high,medium,True,low,mixed,yes,121918.17,poor,high,strong,0.57
high,clear,high,matrix,quality,6.4,3.9,high,low,low,False,high,manual,yes,213965.73,poor,medium,moderate,0.48
high,vague,medium,projectized,time,10.4,2.0,high,low,high,False,high,manual,no,389028.46,average,medium,strong,0.5
low,medium,high,matrix,cost,5.1,15.9,low,low,high,False,medium,mixed,no,498915.69,good,low,weak,0.46
high,clear,high,matrix,cost,4.3,7.6,low,high,medium,True,low,manual,no,60935.02,poor,high,moderate,0.45
medium,clear,high,functional,quality,2.3,18.5,low,medium,low,False,medium,mixed,yes,294577.61,poor,high,weak,0.48
medium,clear,low,functional,cost,7.1,19.3,high,medium,medium,False,medium,mixed,no,165848.28,average,high,strong,0.6
high,clear,low,projectized,cost,2.5,9.5,medium,medium,high,False,high,manual,no,237039.83,good,high,strong,0.58
low,medium,low,functional,time,1.6,16.9,medium,high,high,True,medium,manual,yes,341819.85,average,high,strong,0.59
medium,medium,low,functional,time,4.5,9.8,high,high,high,True,high,automated,yes,413599.97,average,low,weak,0.54
low,clear,low,functional,quality,13.8,2.4,high,high,low,False,high,automated,no,70038.55,average,high,strong,0.66
low,medium,low,matrix,quality,1.4,14.0,high,medium,high,True,medium,manual,no,442877.66,good,low,weak,0.52
low,clear,low,matrix,quality,6.8,11.5,high,high,medium,False,high,manual,yes,324899.74,poor,high,weak,0.61
low,clear,medium,functional,quality,7.7,15.8,medium,low,low,False,medium,manual,yes,22770.85,poor,high,strong,0.59
medium,clear,medium,functional,quality,11.7,20.0,high,high,high,True,medium,mixed,yes,384384.36,good,low,moderate,0.61
medium,clear,high,projectized,time,5.5,15.0,medium,low,high,False,low,mixed,yes,285923.36,good,medium,weak,0.53
medium,clear,medium,projectized,cost,1.8,12.4,high,low,medium,True,medium,mixed,yes,405158.25,average,low,strong,0.51
medium,clear,high,projectized,time,10.9,3.7,high,low,medium,True,medium,mixed,no,297148.16,average,medium,moderate,0.49
high,clear,low,matrix,time,14.4,13.3,high,low,low,False,high,mixed,yes,195408.21,poor,low,moderate,0.55
high,clear,low,projectized,time,14.3,8.4,low,high,high,False,low,automated,yes,468977.02,good,medium,weak,0.58
high,clear,medium,matrix,cost,9.9,19.3,low,low,low,False,medium,automated,no,112745.3,poor,high,moderate,0.52
medium,clear,low,projectized,cost,6.4,14.9,high,medium,medium,False,medium,mixed,no,59699.99,average,low,weak,0.57
low,clear,high,matrix,cost,12.2,1.6,high,medium,medium,True,high,manual,yes,445086.32,good,low,strong,0.55
low,clear,medium,functional,time,13.5,14.4,medium,low,high,False,high,automated,yes,172236.34,good,medium,weak,0.62
low,vague,low,functional,quality,10.2,6.7,high,high,medium,False,high,automated,no,11869.63,good,medium,weak,0.61
low,vague,medium,projectized,cost,1.4,4.2,medium,high,medium,True,medium,manual,no,249657.44,poor,medium,strong,0.46
low,vague,medium,projectized,quality,13.4,8.0,medium,high,medium,False,medium,manual,yes,420168.59,poor,high,strong,0.59
low,vague,high,projectized,time,5.8,11.3,low,high,low,True,medium,mixed,no,483157.57,poor,medium,weak,0.41
high,medium,medium,projectized,quality,13.6,14.6,low,low,low,True,high,manual,yes,475040.13,good,high,strong,0.55
high,clear,medium,projectized,time,7.1,19.9,low,high,low,False,medium,mixed,yes,52643.45,poor,medium,weak,0.55
medium,medium,low,matrix,cost,12.0,12.8,low,medium,high,False,high,automated,yes,463214.8,poor,high,moderate,0.58
low,medium,medium,matrix,quality,10.2,11.9,medium,high,high,False,medium,automated,no,29003.44,average,low,strong,0.62
high,vague,medium,matrix,quality,1.3,16.5,medium,medium,medium,False,low,mixed,yes,486523.35,good,high,moderate,0.51
low,medium,medium,matrix,time,6.8,13.3,high,medium,high,False,low,manual,no,412298.52,poor,high,strong,0.54
medium,vague,low,matrix,cost,11.9,11.0,low,high,high,True,high,automated,yes,26204.81,good,medium,weak,0.6
high,medium,medium,matrix,time,6.6,18.5,low,high,high,False,medium,mixed,no,97016.01,average,low,weak,0.52
medium,medium,high,matrix,time,12.6,2.7,high,medium,high,True,low,automated,yes,327216.15,poor,high,moderate,0.52
low,medium,low,projectized,time,1.1,18.3,low,high,low,True,high,manual,no,359242.84,poor,low,moderate,0.48
medium,medium,medium,matrix,quality,4.1,6.7,low,low,medium,True,high,mixed,no,285113.99,poor,low,moderate,0.42
medium,vague,high,matrix,cost,5.7,6.3,medium,medium,medium,False,high,automated,yes,450846.65,poor,medium,weak,0.46
medium,vague,high,functional,cost,10.2,20.0,medium,medium,medium,False,low,automated,yes,178151.85,poor,high,weak,0.5
low,vague,medium,functional,quality,8.1,17.1,low,low,high,False,high,manual,yes,373050.26,poor,low,strong,0.52
low,medium,low,projectized,cost,6.0,15.1,medium,medium,medium,False,medium,mixed,no,237242.71,good,medium,strong,0.58
low,vague,low,functional,cost,7.6,4.7,high,low,medium,False,medium,automated,yes,77308.98,good,medium,moderate,0.57
low,medium,high,matrix,time,3.5,2.5,medium,low,high,False,low,automated,yes,231506.08,good,high,weak,0.51
high,medium,high,projectized,time,7.1,9.2,medium,medium,medium,True,high,mixed,yes,368022.94,good,medium,weak,0.49
high,clear,low,projectized,time,11.3,5.3,medium,medium,high,True,medium,mixed,no,91839.89,good,medium,moderate,0.58
medium,vague,low,functional,time,5.7,17.9,high,medium,medium,False,high,automated,no,19371.12,good,low,strong,0.6
high,vague,high,functional,time,3.4,8.0,low,high,medium,False,low,mixed,yes,301022.79,good,low,strong,0.44
low,clear,high,functional,cost,6.8,8.2,low,medium,medium,True,high,mixed,yes,157547.06,poor,high,weak,0.5
low,medium,low,functional,time,2.9,16.8,high,low,low,True,medium,automated,yes,253892.14,poor,high,moderate,0.53
low,clear,medium,functional,quality,5.1,1.7,medium,high,low,False,medium,automated,yes,16247.21,good,high,weak,0.59
low,medium,high,projectized,time,2.1,14.7,medium,low,high,False,medium,manual,no,34539.3,good,high,moderate,0.57
medium,vague,medium,matrix,time,2.6,17.2,high,high,high,True,medium,manual,no,477993.69,average,low,strong,0.5
medium,medium,high,projectized,quality,6.6,9.7,medium,low,medium,False,low,automated,yes,74930.67,poor,high,strong,0.56
high,medium,low,matrix,time,10.5,4.4,medium,medium,low,True,low,mixed,yes,246709.03,average,high,moderate,0.49
medium,clear,high,matrix,time,5.4,14.4,low,low,low,True,low,manual,yes,222095.47,poor,high,moderate,0.45
medium,vague,low,functional,quality,3.1,16.7,low,high,high,True,low,manual,no,436013.66,good,medium,moderate,0.49
high,medium,medium,projectized,time,4.1,13.2,medium,high,high,False,medium,mixed,no,53129.73,average,medium,moderate,0.56
high,medium,low,functional,cost,2.4,8.8,low,low,high,True,low,mixed,no,446154.34,poor,high,weak,0.38
low,medium,medium,matrix,cost,12.4,17.0,medium,low,low,False,low,mixed,no,360797.62,good,high,weak,0.51
high,clear,medium,matrix,time,14.5,6.5,low,medium,low,True,high,automated,no,78820.1,poor,low,weak,0.48
medium,clear,medium,functional,cost,3.6,18.7,medium,high,medium,True,low,manual,yes,381003.18,good,low,weak,0.49
low,clear,medium,matrix,time,9.3,10.6,medium,high,low,True,low,manual,no,462941.73,good,low,weak,0.48
high,vague,high,projectized,quality,10.2,12.5,medium,low,medium,False,low,mixed,yes,144061.98,average,medium,moderate,0.5
high,clear,medium,functional,time,13.4,10.7,low,low,medium,True,high,automated,no,346439.54,poor,high,weak,0.47
low,clear,low,functional,time,9.9,14.5,medium,low,medium,False,low,mixed,no,439963.85,average,high,weak,0.52
high,clear,medium,projectized,cost,10.4,4.8,high,medium,low,False,high,automated,no,109960.44,poor,high,moderate,0.56
medium,clear,low,functional,time,8.9,5.3,low,low,medium,True,low,mixed,no,349538.68,good,medium,moderate,0.46
medium,vague,medium,functional,cost,1.2,5.8,low,medium,high,False,low,mixed,yes,390311.91,good,medium,moderate,0.45
high,vague,high,projectized,cost,11.3,3.3,high,medium,medium,False,high,automated,no,12766.12,average,low,strong,0.53
high,clear,medium,functional,cost,11.8,12.9,low,medium,medium,False,high,mixed,no,267443.58,good,low,strong,0.52
low,clear,medium,functional,time,6.6,7.6,high,low,medium,False,medium,manual,yes,475651.06,poor,low,moderate,0.49
low,vague,high,projectized,time,5.8,5.6,low,low,low,True,high,mixed,no,196872.58,good,medium,moderate,0.45
low,vague,medium,projectized,time,12.5,8.1,low,medium,medium,True,medium,mixed,yes,166953.25,good,high,strong,0.58
low,vague,high,functional,cost,4.0,13.0,high,low,medium,True,high,mixed,no,326814.97,good,low,weak,0.44
high,clear,medium,functional,quality,1.5,2.4,high,medium,low,True,low,automated,no,209740.06,average,low,moderate,0.42
medium,medium,high,matrix,time,2.7,1.1,low,low,high,True,low,automated,no,464743.4,good,medium,weak,0.39
medium,vague,high,matrix,quality,6.3,16.6,high,medium,high,True,high,mixed,no,400417.51,poor,medium,weak,0.48
high,medium,low,functional,time,6.2,19.0,low,low,high,True,high,automated,no,273204.5,good,medium,strong,0.53
low,vague,low,matrix,cost,6.8,13.3,low,high,high,True,high,mixed,no,105219.85,good,low,weak,0.55
high,vague,medium,functional,time,2.0,13.8,medium,high,high,False,medium,manual,yes,338934.83,good,high,moderate,0.53
low,clear,high,matrix,quality,7.3,12.7,medium,low,low,True,low,mixed,no,405772.88,average,high,strong,0.49
medium,clear,high,functional,time,10.0,6.3,medium,high,low,False,medium,manual,no,185783.39,average,medium,weak,0.47
high,clear,low,functional,cost,12.8,17.3,high,low,high,False,low,mixed,yes,366438.43,good,low,weak,0.54
high,vague,low,matrix,time,4.0,1.7,medium,low,low,False,low,automated,no,202324.19,poor,low,moderate,0.38
high,medium,low,functional,cost,6.6,10.5,low,high,low,True,low,automated,no,88018.98,poor,low,weak,0.43
high,vague,low,matrix,quality,1.6,15.5,high,high,medium,False,high,automated,yes,263763.76,average,medium,moderate,0.58
medium,clear,high,functional,quality,2.4,19.4,low,medium,low,False,low,mixed,yes,194563.19,average,medium,weak,0.47
low,clear,low,matrix,quality,14.6,5.2,medium,medium,medium,False,medium,mixed,yes,255900.12,good,medium,strong,0.63
high,clear,low,functional,quality,4.0,4.6,medium,low,low,True,low,automated,no,407474.59,poor,high,moderate,0.42
low,medium,medium,projectized,time,3.3,16.8,high,high,high,True,low,mixed,yes,76014.78,poor,high,weak,0.59
high,clear,high,matrix,cost,8.2,8.7,low,low,high,False,high,automated,no,307197.69,average,medium,strong,0.5
high,medium,low,projectized,time,12.5,4.5,low,low,medium,True,low,mixed,no,461952.45,poor,low,strong,0.42
high,medium,medium,projectized,cost,1.2,10.9,low,low,medium,True,low,automated,yes,243175.9,poor,low,strong,0.42
low,vague,high,projectized,quality,10.2,18.1,low,high,low,False,low,manual,no,438663.91,poor,low,moderate,0.46
high,medium,medium,matrix,time,12.3,18.2,low,low,high,False,high,manual,no,385270.86,good,medium,weak,0.51
low,medium,medium,projectized,cost,10.9,16.0,low,low,high,True,medium,mixed,yes,347005.7,average,medium,moderate,0.54
high,clear,medium,functional,time,4.6,17.2,medium,low,medium,False,low,manual,yes,212481.8,poor,medium,strong,0.49
medium,vague,low,matrix,quality,14.8,12.0,low,medium,low,True,low,automated,yes,228831.49,poor,high,strong,0.53
high,vague,medium,matrix,time,9.6,14.0,high,high,medium,True,high,automated,no,463672.28,average,high,strong,0.55
medium,clear,medium,projectized,time,1.5,8.3,medium,low,low,False,low,mixed,yes,473400.77,good,low,moderate,0.47
medium,clear,high,functional,time,5.0,1.6,low,low,low,True,low,automated,yes,186272.6,poor,high,strong,0.44
high,medium,medium,matrix,time,6.5,12.1,low,high,low,True,high,mixed,no,365807.97,poor,low,moderate,0.43
medium,medium,high,functional,cost,7.4,8.7,high,medium,high,False,low,automated,yes,256552.89,average,high,weak,0.52
medium,vague,low,matrix,time,7.2,8.2,medium,high,medium,False,low,manual,yes,246165.38,average,high,moderate,0.53
low,clear,low,functional,cost,12.2,8.8,medium,low,low,True,low,manual,yes,150771.9,average,low,weak,0.48
medium,clear,low,projectized,quality,5.4,5.2,low,medium,high,True,medium,mixed,yes,125082.07,good,medium,strong,0.6
high,clear,high,functional,quality,3.2,3.0,high,low,low,False,low,automated,yes,425525.19,average,low,moderate,0.43
medium,vague,medium,matrix,cost,14.8,18.4,medium,medium,high,True,high,mixed,no,244376.84,poor,high,weak,0.53
medium,medium,low,projectized,quality,14.7,14.3,medium,medium,low,True,high,mixed,yes,195919.72,good,medium,moderate,0.61
low,medium,high,functional,quality,4.3,10.0,low,medium,medium,True,medium,manual,yes,215355.54,average,medium,moderate,0.48
medium,medium,high,functional,cost,14.7,14.0,high,low,medium,True,low,manual,no,106070.97,poor,high,moderate,0.5
high,clear,medium,matrix,cost,14.9,17.1,low,low,low,False,medium,manual,no,285447.84,poor,high,moderate,0.48
high,vague,high,projectized,cost,12.4,10.1,low,high,medium,False,medium,manual,no,284571.52,average,medium,strong,0.48
medium,clear,medium,functional,time,3.8,11.9,low,low,high,False,medium,manual,no,389624.74,average,high,moderate,0.48
low,medium,medium,functional,cost,13.2,13.2,medium,medium,low,False,high,automated,yes,178376.49,average,medium,weak,0.56
medium,vague,medium,functional,time,6.5,17.9,medium,low,low,False,medium,automated,yes,428563.8,good,low,strong,0.5
low,medium,low,functional,time,2.1,4.2,high,high,high,False,low,automated,yes,387757.52,poor,high,strong,0.57
medium,vague,high,projectized,time,14.0,8.4,high,high,low,False,medium,mixed,yes,74325.78,good,high,strong,0.63
low,medium,medium,matrix,quality,14.6,11.3,medium,low,medium,True,low,mixed,yes,299507.15,average,low,weak,0.5
low,vague,medium,functional,time,10.0,6.9,medium,medium,low,True,high,manual,no,189233.83,average,high,moderate,0.49
high,clear,low,projectized,quality,5.0,11.2,low,medium,medium,False,high,manual,no,302531.84,good,low,moderate,0.52
high,medium,low,matrix,quality,4.5,14.6,low,medium,medium,True,medium,automated,no,316408.28,poor,low,weak,0.44
low,medium,medium,functional,time,8.4,6.1,high,high,high,True,medium,automated,no,312687.41,average,low,weak,0.5
medium,clear,medium,projectized,cost,1.7,11.2,high,high,medium,False,high,mixed,no,366282.46,good,high,strong,0.6
high,medium,high,matrix,quality,5.4,16.2,medium,medium,low,True,medium,automated,yes,37458.79,average,high,weak,0.53
medium,clear,high,matrix,quality,12.6,3.3,low,high,medium,False,high,mixed,yes,107598.14,poor,high,weak,0.57
low,clear,medium,matrix,time,14.5,18.8,high,low,low,True,low,mixed,yes,134123.24,poor,medium,strong,0.58
medium,clear,low,projectized,cost,4.3,9.2,high,high,medium,True,medium,automated,yes,484729.12,poor,low,moderate,0.54
low,vague,high,matrix,cost,4.5,10.5,low,low,medium,True,high,manual,yes,353650.79,good,high,moderate,0.48
high,medium,low,functional,quality,12.3,9.3,high,high,low,False,medium,mixed,yes,132841.16,good,medium,weak,0.58
medium,vague,medium,functional,time,7.9,11.8,low,medium,medium,False,medium,mixed,yes,43749.53,good,medium,moderate,0.54
medium,vague,medium,matrix,cost,11.9,10.6,low,high,high,False,low,automated,no,363291.75,poor,low,moderate,0.47
high,vague,low,matrix,time,3.2,6.4,medium,low,medium,True,high,mixed,yes,31450.86,good,high,strong,0.55
high,clear,medium,projectized,cost,1.4,13.2,medium,low,medium,False,high,manual,yes,306917.28,good,high,strong,0.56
low,medium,high,matrix,time,1.8,11.6,medium,medium,low,True,low,manual,yes,369807.17,average,high,strong,0.48
low,clear,high,functional,cost,8.4,4.6,low,low,high,True,low,mixed,no,375593.1,poor,low,moderate,0.4
low,medium,low,functional,quality,13.4,4.2,high,low,medium,False,low,automated,no,467424.79,average,low,moderate,0.51
medium,medium,low,matrix,time,5.5,5.6,low,high,medium,False,medium,manual,no,480313.97,good,low,strong,0.5
medium,vague,high,functional,cost,14.9,6.7,medium,high,high,False,high,mixed,no,460364.92,poor,low,weak,0.46
low,clear,high,projectized,quality,6.0,3.6,medium,low,high,True,medium,manual,yes,289538.71,poor,high,weak,0.5
high,vague,medium,matrix,cost,7.8,18.1,low,low,high,False,high,mixed,no,48453.92,good,medium,moderate,0.53
medium,medium,high,projectized,time,10.1,12.4,high,low,low,False,high,manual,yes,166465.1,poor,high,moderate,0.54
low,vague,high,projectized,cost,10.4,19.9,medium,low,low,True,high,manual,no,395320.47,good,high,moderate,0.51
high,medium,low,functional,cost,8.7,6.0,medium,low,medium,True,high,manual,yes,249051.94,poor,low,strong,0.47
low,vague,low,functional,cost,4.4,6.1,medium,medium,low,True,high,mixed,no,217534.9,average,high,moderate,0.48
medium,vague,low,projectized,quality,3.4,7.6,medium,low,high,False,high,automated,yes,345826.02,good,low,strong,0.57
high,vague,high,projectized,time,14.0,17.5,medium,high,medium,True,medium,manual,no,21146.58,good,low,weak,0.52
high,clear,low,functional,quality,8.7,12.8,high,low,low,True,medium,mixed,yes,135173.61,good,medium,strong,0.58
low,vague,medium,projectized,quality,10.2,1.2,medium,low,medium,False,high,automated,no,435031.12,poor,medium,strong,0.51
medium,vague,low,projectized,quality,7.8,12.3,high,high,high,False,low,mixed,yes,29478.68,poor,medium,moderate,0.61
medium,medium,low,projectized,cost,5.9,7.7,low,medium,high,False,high,mixed,no,440551.86,good,low,moderate,0.52
high,clear,medium,matrix,time,2.9,14.9,low,low,low,True,medium,automated,yes,218967.85,average,low,moderate,0.46
medium,vague,high,projectized,time,2.9,11.3,high,high,medium,True,medium,automated,yes,165573.14,poor,low,weak,0.48
high,clear,medium,projectized,time,1.4,7.1,medium,medium,medium,False,low,mixed,no,84458.96,good,high,strong,0.55
high,clear,low,functional,quality,9.5,12.6,low,high,high,True,medium,automated,no,75702.45,poor,medium,weak,0.54
low,medium,high,matrix,quality,7.6,4.1,high,high,medium,True,medium,manual,yes,373759.66,good,high,strong,0.58
high,medium,low,matrix,time,5.5,9.7,high,medium,medium,True,low,mixed,no,362898.45,average,low,weak,0.43
low,vague,low,functional,time,13.3,16.0,low,high,medium,False,high,automated,no,492077.02,good,low,moderate,0.56
low,vague,high,projectized,quality,7.2,17.8,medium,medium,high,False,medium,mixed,yes,348076.95,good,medium,weak,0.56
medium,clear,low,functional,cost,3.5,12.1,low,low,high,False,medium,manual,no,22206.94,average,low,weak,0.49
high,medium,high,matrix,quality,10.7,18.2,high,low,low,True,high,automated,no,320695.48,good,low,weak,0.49
medium,vague,low,functional,cost,6.3,8.2,high,medium,low,True,high,automated,yes,386886.83,good,medium,moderate,0.52
medium,vague,medium,matrix,time,3.5,18.1,high,high,low,False,high,manual,no,429151.42,poor,high,weak,0.49
medium,clear,high,functional,time,7.7,8.8,high,low,low,True,high,mixed,no,313685.36,poor,high,strong,0.48
high,clear,high,functional,quality,1.5,17.2,low,low,low,False,medium,automated,yes,63354.95,good,high,weak,0.52
medium,vague,low,functional,time,9.3,16.0,high,medium,low,False,high,automated,no,168182.71,average,high,moderate,0.57
low,clear,medium,matrix,cost,2.7,17.3,medium,low,medium,True,low,automated,yes,63558.09,poor,low,weak,0.5
high,medium,low,functional,time,14.1,19.7,medium,medium,low,False,medium,mixed,no,464281.63,poor,low,moderate,0.48
low,vague,low,matrix,quality,12.3,17.8,high,low,medium,True,high,automated,yes,237793.96,good,low,strong,0.62
low,medium,medium,projectized,quality,5.9,16.3,high,high,low,True,low,manual,no,397195.8,average,medium,weak,0.5
low,medium,high,projectized,time,5.7,8.5,low,low,high,True,high,manual,no,461917.08,average,medium,strong,0.48
low,clear,medium,projectized,time,7.4,17.4,medium,medium,medium,True,low,manual,no,282036.83,good,high,weak,0.54
low,medium,medium,projectized,cost,4.9,1.6,medium,low,low,True,low,mixed,no,101815.67,good,medium,weak,0.45
medium,vague,high,matrix,quality,2.2,17.7,medium,medium,medium,True,low,manual,yes,64993.32,good,high,strong,0.55
medium,vague,high,matrix,time,3.2,7.5,medium,low,low,False,medium,automated,yes,412847.87,poor,low,strong,0.42
high,vague,high,matrix,quality,11.0,10.9,high,medium,high,True,medium,manual,yes,60520.39,poor,low,moderate,0.52
high,vague,medium,functional,cost,5.5,4.7,medium,low,medium,False,low,automated,no,83167.15,average,high,strong,0.47
low,vague,low,projectized,cost,8.6,11.4,medium,high,low,False,low,automated,yes,44909.01,poor,medium,weak,0.55
medium,clear,high,projectized,quality,13.6,2.0,medium,high,high,False,medium,automated,no,311994.52,average,medium,strong,0.58
low,vague,low,projectized,quality,8.9,2.8,low,medium,high,False,medium,mixed,no,240567.48,good,high,weak,0.54
medium,medium,medium,projectized,time,13.8,7.3,medium,medium,medium,True,high,manual,yes,182206.0,average,high,moderate,0.57
medium,vague,low,projectized,time,2.4,16.5,high,medium,low,True,medium,mixed,no,206400.07,average,high,weak,0.5
high,vague,high,matrix,quality,1.9,5.0,low,low,medium,False,low,manual,yes,94811.87,poor,high,weak,0.42
low,vague,medium,projectized,time,9.3,7.2,high,medium,high,False,medium,automated,yes,345899.25,poor,medium,moderate,0.56
medium,vague,low,projectized,cost,4.0,3.6,low,low,high,True,low,automated,no,270315.35,average,low,weak,0.4
medium,clear,high,functional,quality,5.2,16.1,low,medium,medium,False,high,mixed,yes,309630.47,poor,medium,strong,0.53
medium,clear,medium,functional,cost,1.0,11.6,medium,high,medium,True,high,manual,no,316355.01,poor,medium,moderate,0.47
medium,medium,low,projectized,time,3.4,3.6,low,medium,medium,False,high,manual,yes,75795.95,good,low,strong,0.57
high,vague,medium,functional,quality,14.6,3.6,high,low,medium,False,low,mixed,no,315391.76,average,low,moderate,0.44
low,medium,medium,matrix,cost,3.6,12.5,low,medium,low,True,low,mixed,no,211310.53,poor,low,moderate,0.41
high,clear,low,matrix,time,6.2,12.0,low,high,high,False,medium,mixed,yes,266444.83,poor,high,strong,0.58
medium,vague,low,functional,time,2.1,13.0,low,medium,low,True,medium,mixed,yes,239745.72,poor,medium,weak,0.42
low,medium,medium,matrix,quality,5.0,1.7,low,low,medium,False,high,mixed,no,293289.13,poor,high,weak,0.46
medium,vague,low,projectized,quality,7.8,3.4,high,medium,medium,True,low,manual,no,430350.61,good,low,strong,0.49
low,clear,low,functional,cost,10.2,8.0,high,medium,low,True,medium,automated,yes,177995.52,good,high,weak,0.59
high,medium,medium,matrix,cost,10.2,14.8,high,high,low,False,high,mixed,no,380187.13,good,high,strong,0.58
medium,medium,medium,matrix,quality,11.4,15.3,low,high,medium,False,medium,manual,yes,269916.64,average,high,moderate,0.58
medium,medium,low,matrix,time,10.6,1.8,low,low,medium,False,low,mixed,no,174134.03,average,high,moderate,0.48
low,vague,medium,matrix,time,11.5,15.0,low,high,low,False,low,mixed,yes,163502.22,good,low,strong,0.55
high,clear,medium,projectized,time,2.5,9.5,high,low,medium,False,high,automated,yes,313504.64,good,low,weak,0.53
high,vague,low,projectized,time,14.4,2.6,low,high,medium,True,high,mixed,yes,134134.51,average,low,strong,0.55
low,medium,medium,matrix,time,13.6,15.6,medium,medium,high,True,medium,automated,no,200409.31,good,medium,moderate,0.59
high,medium,high,matrix,cost,9.5,4.4,medium,high,high,False,high,mixed,yes,457178.52,poor,medium,strong,0.52
high,clear,high,functional,time,4.5,9.5,medium,high,low,True,high,mixed,no,140553.88,poor,medium,moderate,0.46
low,clear,low,functional,quality,7.7,8.7,low,high,low,True,high,manual,no,69389.79,poor,medium,moderate,0.54
low,medium,medium,projectized,time,15.0,13.3,medium,low,medium,True,medium,manual,yes,96542.97,good,medium,weak,0.59
high,medium,low,matrix,cost,9.8,7.8,high,low,medium,True,high,automated,yes,22428.66,poor,high,moderate,0.57
medium,clear,low,functional,quality,8.0,19.3,medium,high,high,False,high,manual,yes,208698.85,good,low,weak,0.62
low,medium,low,functional,cost,11.4,5.4,high,high,low,True,medium,mixed,yes,240897.62,poor,high,strong,0.56
low,vague,high,projectized,cost,9.9,18.2,high,medium,low,True,low,automated,yes,65948.04,poor,low,strong,0.54
high,clear,medium,matrix,time,10.5,7.2,low,low,low,True,medium,automated,yes,300611.77,average,high,strong,0.51
medium,clear,medium,projectized,time,6.2,4.1,high,low,high,True,high,mixed,no,391054.2,good,medium,strong,0.55
high,clear,high,projectized,time,10.1,17.9,medium,low,medium,True,high,automated,no,266312.56,average,high,strong,0.55
low,vague,high,functional,cost,11.0,12.6,high,low,medium,False,medium,automated,yes,104032.4,poor,high,weak,0.54
medium,vague,low,projectized,quality,11.8,13.5,medium,high,high,True,high,mixed,no,253782.27,good,low,strong,0.6
high,vague,medium,matrix,cost,7.1,7.4,medium,high,high,True,low,automated,yes,394891.09,average,low,strong,0.48
high,clear,low,matrix,time,9.1,9.0,low,low,medium,True,high,manual,yes,58051.43,poor,medium,strong,0.54
medium,clear,high,matrix,time,7.8,17.9,high,high,low,False,high,manual,no,76838.26,poor,high,weak,0.57
medium,medium,high,matrix,cost,1.4,11.8,medium,high,high,False,medium,manual,yes,382566.4,good,medium,weak,0.51
high,vague,low,projectized,time,14.6,17.2,high,medium,low,False,high,mixed,no,420124.62,average,high,weak,0.55
medium,vague,high,projectized,quality,7.1,5.2,low,high,low,True,medium,automated,yes,495724.02,poor,low,strong,0.45
medium,vague,medium,matrix,time,12.5,9.6,high,high,low,True,low,mixed,no,475467.61,good,medium,moderate,0.49
high,vague,high,projectized,quality,10.4,4.1,medium,low,low,True,medium,manual,yes,438357.53,average,high,moderate,0.45
low,medium,low,functional,cost,13.0,2.3,low,medium,low,True,medium,manual,no,352046.94,poor,low,weak,0.4
high,vague,high,functional,quality,11.3,2.0,low,medium,high,True,medium,manual,no,313375.39,average,medium,strong,0.43
low,vague,low,projectized,time,10.9,4.9,medium,high,low,True,low,manual,yes,379055.01,good,medium,moderate,0.52
medium,vague,low,matrix,quality,1.8,8.1,medium,medium,low,True,medium,mixed,no,231469.41,average,low,weak,0.42
high,clear,medium,projectized,cost,6.5,4.4,high,high,high,False,high,mixed,yes,253201.08,good,low,weak,0.56
high,medium,medium,functional,time,14.0,10.0,medium,medium,low,True,medium,automated,yes,20797.94,good,low,weak,0.52
medium,medium,low,matrix,time,10.0,7.2,low,low,low,False,medium,manual,yes,450158.14,average,high,moderate,0.5
high,medium,medium,matrix,cost,3.1,6.4,high,low,high,False,high,automated,yes,89014.81,good,high,moderate,0.59
low,clear,medium,matrix,quality,3.6,11.7,high,low,medium,False,high,manual,no,274534.63,good,low,moderate,0.54
high,clear,medium,matrix,cost,14.3,18.6,high,high,low,False,low,mixed,no,242216.23,average,low,weak,0.51
high,vague,low,matrix,quality,10.6,14.9,high,high,low,True,medium,automated,no,312585.78,good,medium,moderate,0.54
high,medium,high,functional,time,3.7,11.0,medium,high,high,True,low,manual,yes,488161.36,average,high,moderate,0.47
medium,vague,low,functional,cost,13.7,7.9,high,low,medium,False,medium,manual,yes,149478.68,average,medium,moderate,0.54
low,clear,high,functional,quality,11.4,8.9,medium,medium,high,False,low,manual,yes,419400.65,poor,high,strong,0.56
high,medium,medium,functional,quality,1.9,19.2,medium,high,high,False,low,manual,no,95697.58,average,low,weak,0.5
high,clear,high,matrix,quality,8.8,1.8,medium,low,medium,False,low,mixed,no,120014.91,good,high,moderate,0.5
medium,vague,low,matrix,cost,10.2,18.0,medium,high,medium,True,high,automated,no,251594.61,good,low,weak,0.54
medium,vague,medium,functional,quality,13.2,12.9,medium,low,high,False,low,mixed,yes,424187.23,good,low,strong,0.53
high,medium,medium,functional,cost,6.0,2.0,medium,medium,low,False,high,manual,no,269510.04,good,low,strong,0.45
low,clear,high,functional,cost,8.6,17.6,low,medium,medium,False,high,mixed,no,413424.26,good,high,weak,0.53
medium,medium,medium,matrix,quality,13.9,4.1,high,high,low,True,high,mixed,yes,214499.67,good,high,strong,0.62
high,medium,medium,matrix,time,6.1,16.5,low,low,medium,True,low,manual,yes,374785.51,good,high,strong,0.49
low,clear,low,projectized,quality,2.8,3.5,high,medium,low,True,high,automated,no,381093.68,good,high,strong,0.59
high,vague,low,functional,cost,7.6,18.3,high,high,medium,True,high,automated,yes,297925.49,good,high,weak,0.58
medium,clear,high,projectized,time,14.2,19.0,medium,medium,high,True,low,mixed,yes,58561.79,poor,high,weak,0.59
high,vague,high,matrix,cost,13.6,11.2,low,high,high,False,medium,mixed,yes,225436.26,good,high,moderate,0.55
medium,medium,high,functional,cost,6.7,15.5,medium,high,medium,True,low,automated,no,383514.1,poor,medium,weak,0.43
low,clear,high,matrix,quality,2.6,6.4,low,low,medium,False,high,mixed,no,152388.77,average,high,strong,0.53
medium,vague,medium,projectized,cost,15.0,10.3,high,medium,medium,True,high,automated,no,206305.9,poor,high,weak,0.53
high,clear,medium,projectized,quality,3.8,17.0,medium,high,high,False,low,manual,no,384760.34,poor,low,moderate,0.5
low,medium,medium,matrix,time,9.4,8.7,medium,low,medium,True,medium,automated,yes,132838.03,average,high,weak,0.55
high,clear,high,functional,cost,12.6,10.5,high,high,medium,False,high,manual,yes,382484.01,poor,low,moderate,0.52
medium,clear,medium,functional,quality,7.9,6.0,medium,low,low,True,high,manual,yes,197978.64,average,medium,moderate,0.5
medium,clear,high,projectized,time,10.2,15.8,low,high,medium,False,high,manual,no,248852.91,good,low,weak,0.53
medium,vague,low,functional,time,9.0,10.0,high,low,high,False,medium,manual,no,312300.44,average,medium,moderate,0.5
high,clear,low,projectized,cost,12.7,7.6,low,low,high,False,medium,automated,no,179120.08,average,medium,moderate,0.54
high,vague,high,projectized,cost,10.1,12.3,low,high,medium,True,medium,automated,yes,273824.24,good,medium,weak,0.49
medium,vague,low,matrix,quality,1.3,9.9,high,medium,medium,False,medium,mixed,yes,406080.02,good,low,weak,0.51
high,medium,medium,functional,time,5.8,12.7,medium,medium,high,False,low,automated,yes,150804.22,good,medium,weak,0.53
medium,clear,low,functional,cost,11.0,12.0,low,medium,medium,True,low,mixed,no,219281.89,average,high,weak,0.49
medium,vague,medium,matrix,time,8.6,4.8,medium,medium,low,False,low,mixed,yes,441639.32,poor,low,weak,0.41
high,vague,medium,projectized,time,14.5,15.1,medium,medium,low,False,low,mixed,yes,265912.1,average,medium,strong,0.53
high,clear,low,functional,quality,12.8,8.8,high,low,high,False,medium,manual,yes,135658.85,poor,high,moderate,0.59
high,clear,high,projectized,cost,4.4,16.7,medium,medium,low,False,medium,mixed,yes,108975.35,average,high,strong,0.57
medium,medium,low,functional,cost,10.0,1.8,low,medium,high,True,high,manual,no,434914.17,average,medium,weak,0.45
low,clear,medium,functional,cost,4.3,11.8,low,high,low,False,medium,automated,yes,303912.44,average,medium,weak,0.51
low,medium,low,functional,cost,14.1,5.1,high,high,high,False,medium,manual,no,432820.97,good,medium,weak,0.56
medium,vague,high,matrix,time,6.9,14.0,medium,high,medium,False,low,manual,no,20326.36,poor,high,weak,0.49
low,clear,low,functional,cost,4.5,8.3,low,low,medium,True,low,automated,no,200350.8,average,medium,moderate,0.47
high,clear,medium,projectized,cost,13.8,13.0,low,medium,high,False,high,manual,no,371101.56,average,low,moderate,0.52
high,clear,low,matrix,time,1.9,9.0,low,low,low,False,medium,mixed,yes,383367.97,poor,low,strong,0.45
low,medium,low,projectized,cost,6.6,12.9,medium,low,high,True,high,automated,yes,425010.61,poor,medium,moderate,0.56
medium,medium,low,projectized,quality,3.4,12.3,medium,medium,high,True,medium,manual,yes,202812.15,average,low,strong,0.56
high,clear,low,functional,time,9.8,18.2,medium,high,medium,True,high,manual,no,304192.44,good,high,moderate,0.58
high,vague,high,projectized,time,8.4,15.7,medium,low,medium,True,high,mixed,yes,103366.64,average,medium,weak,0.51
medium,medium,high,matrix,cost,9.4,19.9,medium,low,low,True,medium,automated,no,398307.13,good,medium,moderate,0.48
high,vague,medium,projectized,quality,9.2,13.3,high,high,medium,True,medium,mixed,no,346557.7,poor,medium,weak,0.48
medium,vague,low,matrix,cost,2.3,2.1,medium,high,medium,False,low,mixed,yes,12626.88,poor,low,moderate,0.48
medium,medium,low,matrix,cost,14.6,11.6,low,high,medium,True,low,manual,no,440169.41,good,high,moderate,0.53
low,vague,medium,projectized,quality,2.6,1.8,high,medium,medium,False,medium,manual,no,310336.47,average,low,moderate,0.47
medium,clear,medium,functional,quality,11.7,3.9,low,low,medium,True,high,automated,yes,122631.67,good,medium,moderate,0.56
high,vague,medium,matrix,cost,14.9,18.6,high,medium,medium,False,medium,manual,yes,424460.79,good,high,moderate,0.58
high,clear,medium,projectized,cost,11.5,16.6,low,low,low,True,low,automated,yes,214045.31,good,high,moderate,0.53
low,clear,medium,projectized,quality,10.5,13.9,medium,medium,low,True,medium,automated,yes,49720.99,poor,low,moderate,0.58
medium,vague,medium,functional,time,1.1,19.4,low,low,medium,False,low,mixed,yes,113569.76,good,low,moderate,0.48
medium,clear,low,projectized,time,14.3,8.2,medium,medium,high,True,medium,automated,yes,427649.46,good,medium,moderate,0.61
medium,vague,low,projectized,cost,5.2,16.2,low,medium,low,True,medium,mixed,yes,417705.91,poor,high,moderate,0.48
medium,medium,medium,matrix,time,9.4,2.7,medium,medium,low,True,medium,mixed,no,55544.26,poor,medium,moderate,0.47
low,clear,low,functional,time,3.2,10.4,low,low,low,True,medium,manual,no,48799.73,average,medium,strong,0.5
high,vague,medium,projectized,time,7.0,11.8,low,high,high,True,low,manual,no,56297.34,poor,low,weak,0.44
medium,medium,medium,functional,cost,11.8,1.3,low,low,medium,True,high,manual,yes,50812.38,poor,medium,moderate,0.48
low,vague,medium,functional,quality,9.7,6.0,high,high,high,True,low,mixed,no,437091.74,good,medium,weak,0.5
high,clear,medium,projectized,cost,3.4,10.1,low,medium,low,False,medium,mixed,no,348424.52,poor,low,moderate,0.42
medium,clear,high,projectized,cost,3.7,16.5,low,high,high,True,medium,mixed,yes,328372.51,average,low,weak,0.5
high,clear,medium,matrix,cost,7.6,1.4,high,high,low,False,medium,manual,yes,431300.26,poor,high,strong,0.52
medium,vague,medium,projectized,quality,1.1,13.0,low,medium,medium,False,low,mixed,no,28138.44,average,medium,weak,0.47
low,vague,low,functional,quality,4.2,2.2,high,medium,low,False,low,automated,no,447509.83,average,medium,strong,0.48
medium,vague,low,matrix,quality,10.8,1.4,medium,low,high,False,medium,manual,yes,258741.61,poor,low,moderate,0.49
